m, repeat_after, max_value, most_common_tail_value, cycle_length, cycle_max, cycle_min, distinct_tail_values, steps_to_lock_in
1, 2, 1, 1, 1, 1, 1, 1, None
2, 9, 5, 5, 3, 5, 4, 2, None
3, 24, 14, 14, 4, 14, 12, 2, None
4, 23, 19, 15, 6, 17, 14, 4, None
5, 35, 19, 15, 7, 19, 14, 5, None
6, 32, 34, 32, 7, 34, 30, 3, None
7, 75, 43, 19, 9, 19, 14, 4, None
8, 114, 43, 41, 38, 43, 22, 12, None
9, 81, 43, 41, 12, 43, 24, 8, None
10, 241, 82, 70, 185, 82, 66, 8, None
11, 95, 69, 39, 13, 43, 34, 5, None
12, 298, 94, 74, 219, 82, 66, 8, None
13, 200, 118, 43, 15, 43, 34, 5, None
14, 759, 118, 82, 253, 82, 66, 8, None
15, 103, 118, 114, 16, 118, 112, 4, None
16, 481, 128, 94, 18, 94, 84, 4, 431
17, 169, 178, 114, 18, 118, 112, 4, None
18, 1129, 190, 150, 120, 186, 150, 14, None
19, 669, 194, 82, 40, 82, 76, 4, None
20, 312, 194, 118, 21, 118, 114, 3, None
21, 241, 157, 118, 22, 118, 112, 3, None
22, 969, 194, 166, 144, 186, 150, 14, None
23, 1760, 218, 166, 25, 166, 150, 5, None
24, 371, 206, 190, 101, 206, 180, 10, None
25, 1064, 262, 190, 445, 206, 180, 10, None
26, 3068, 302, 190, 82, 206, 184, 9, None
27, 5308, 282, 174, 56, 178, 172, 4, None
28, 1172, 278, 190, 88, 206, 184, 9, None
29, 5360, 294, 166, 433, 186, 150, 14, None
30, 1932, 302, 214, 32, 214, 198, 7, None
31, 856, 265, 166, 33, 166, 150, 5, None
32, 9746, 358, 194, 100, 206, 184, 9, None
33, 1440, 215, 194, 581, 206, 180, 10, None
34, 789, 262, 194, 106, 206, 184, 9, None
35, 449, 211, 155, 36, 157, 144, 4, None
36, 3597, 358, 294, 37, 302, 288, 3, None
37, 861, 326, 314, 38, 314, 300, 4, 749
38, 3799, 414, 178, 78, 178, 172, 4, None
39, 3591, 411, 302, 40, 302, 288, 3, 3473
40, 392, 319, 155, 41, 157, 144, 4, None
41, 2078, 472, 314, 42, 314, 300, 4, None
42, 3467, 458, 314, 43, 314, 300, 4, 3340
43, 8117, 454, 314, 44, 314, 300, 4, None
44, 2659, 484, 350, 45, 358, 350, 4, 2521
45, 322, 358, 350, 46, 358, 350, 4, 182
46, 2456, 502, 314, 47, 314, 300, 3, 2317
47, 2974, 478, 358, 48, 358, 350, 4, 2815
48, 1920, 524, 354, 49, 358, 350, 4, 1771
49, 1530, 502, 214, 51, 214, 198, 5, None
50, 444, 419, 354, 51, 358, 350, 4, 291
51, 2061, 574, 354, 52, 358, 350, 4, None
52, 2813, 491, 314, 53, 314, 300, 4, None
53, 2319, 508, 434, 55, 438, 420, 5, None
54, 5776, 579, 430, 277, 470, 418, 23, None
55, 5696, 591, 434, 116, 474, 434, 15, None
56, 3570, 676, 314, 57, 314, 300, 4, 3401
57, 3118, 496, 358, 58, 358, 350, 4, None
58, 1727, 593, 358, 59, 358, 350, 4, 1547
59, 1958, 485, 314, 60, 314, 300, 4, 1780
60, 3664, 656, 358, 61, 358, 350, 4, None
61, 7426, 602, 498, 3532, 556, 490, 20, None
62, 5520, 599, 314, 63, 314, 300, 4, None
63, 7601, 576, 506, 328, 562, 490, 23, None
64, 10118, 677, 358, 65, 358, 350, 4, 9919
65, 9938, 726, 358, 66, 358, 350, 4, 9739
66, 9261, 754, 314, 67, 314, 300, 4, None
67, 2400, 681, 358, 68, 358, 350, 4, 2194
68, 24959, 716, 302, 4554, 302, 286, 7, None
69, 2948, 787, 358, 70, 358, 350, 4, 2709
70, 6400, 614, 358, 71, 358, 350, 4, 6185
71, 6670, 786, 602, 660, 622, 550, 32, None
72, 2776, 614, 314, 73, 314, 300, 3, None
73, 10517, 778, 358, 74, 358, 350, 4, 10292
74, 12138, 892, 498, 75, 502, 496, 3, None
75, 5622, 718, 358, 76, 358, 350, 4, None
76, 3064, 796, 610, 629, 702, 562, 59, None
77, 9667, 787, 498, 78, 502, 496, 3, None
78, 11997, 832, 498, 79, 502, 496, 3, None
79, 28791, 919, 642, 241, 656, 618, 12, None
80, 6928, 844, 482, 82, 482, 460, 6, None
81, 40205, 921, 566, 83, 566, 546, 7, None
82, 13972, 919, 566, 84, 566, 546, 7, None
83, 18331, 911, 502, 84, 502, 496, 3, None
84, 31819, 922, 502, 85, 502, 496, 3, None
85, 78445, 994, 335, 86, 337, 324, 4, None
86, 63896, 1044, 502, 87, 502, 496, 3, None
87, 196129, 1048, 502, 88, 502, 496, 3, None
88, 39859, 958, 658, 89, 662, 656, 3, 39592
89, 34586, 954, 742, 90, 746, 720, 4, 34318
90, 2161, 789, 502, 91, 502, 496, 3, None
91, 25569, 934, 566, 93, 566, 546, 7, None
92, 90212, 1038, 658, 93, 662, 656, 3, None
93, 5543, 974, 658, 94, 662, 656, 3, None
94, 18313, 1034, 746, 95, 746, 720, 4, None
95, 36567, 1078, 658, 96, 662, 656, 3, None
96, 45628, 1059, 742, 97, 746, 720, 4, None
97, 16717, 958, 762, 98, 766, 762, 3, None
98, 4761, 1042, 742, 99, 746, 720, 4, None
99, 37743, 1096, 808, 100, 808, 792, 2, None
100, 28577, 1090, 808, 101, 808, 804, 2, 28276
101, 41195, 1182, 762, 102, 766, 762, 3, None
102, 33669, 1090, 822, 515, 838, 810, 9, None
103, 26751, 1030, 834, 728, 838, 810, 9, None
104, 9588, 1202, 834, 945, 838, 810, 9, None
105, 14028, 1042, 566, 214, 566, 540, 9, None
106, 7607, 1172, 834, 1391, 838, 810, 9, None
107, 7450, 1172, 834, 1620, 838, 810, 9, None
108, 16448, 1082, 834, 1853, 838, 810, 9, None
109, 27635, 1227, 834, 111, 842, 810, 7, None
110, 12629, 1172, 834, 2331, 838, 810, 9, None
111, 45397, 1268, 834, 113, 842, 810, 7, None
112, 11257, 1290, 834, 2825, 838, 810, 9, None
113, 17167, 1282, 934, 115, 934, 910, 5, None
114, 28771, 1202, 834, 3335, 838, 810, 9, None
115, 39968, 1284, 834, 3596, 838, 810, 9, None
116, 15355, 1172, 834, 3861, 838, 810, 9, None
117, 49996, 1438, 834, 4130, 838, 810, 9, None
118, 38788, 1300, 834, 120, 842, 816, 6, None
119, 16293, 1318, 950, 120, 958, 950, 3, None
120, 34219, 1342, 834, 4961, 838, 810, 9, None
121, 29665, 1317, 834, 5246, 838, 810, 9, None
122, 16452, 1388, 834, 124, 842, 816, 6, None
123, 65221, 1372, 834, 5828, 838, 810, 9, None
124, 39295, 1448, 834, 126, 842, 820, 6, None
125, 20815, 1317, 1030, 127, 1030, 1000, 4, None
126, 25882, 1548, 834, 6731, 838, 810, 9, None
127, 18958, 1322, 1016, 1, 1016, 1016, 1, 18703
128, 29779, 1442, 834, 7353, 838, 810, 9, None
129, 31780, 1447, 834, 131, 842, 816, 6, None
130, 31661, 1502, 834, 132, 842, 810, 7, None
131, 22426, 1453, 834, 8316, 838, 810, 9, None
132, 24603, 1338, 834, 8645, 838, 810, 9, None
133, 24005, 1464, 838, 8978, 838, 810, 9, None
134, 58267, 1582, 1074, 135, 1074, 1072, 2, None
135, 39393, 1606, 838, 138, 842, 810, 9, None
136, 53897, 1582, 838, 139, 842, 810, 9, None
137, 23618, 1502, 838, 140, 842, 810, 9, None
138, 9419, 1348, 746, 139, 746, 720, 4, None
139, 46787, 1610, 838, 142, 842, 810, 9, None
140, 3215, 1322, 842, 142, 842, 816, 8, 2354
141, 14881, 1622, 838, 144, 842, 810, 9, None
142, 23184, 1625, 842, 144, 842, 816, 6, None
143, 79282, 1622, 838, 146, 842, 810, 9, None
144, 36087, 1478, 838, 147, 842, 810, 9, None
145, 11091, 1451, 746, 146, 746, 720, 4, None
146, 74591, 1846, 842, 148, 842, 816, 6, None
147, 10464, 1562, 766, 148, 766, 762, 3, None
148, 23631, 1492, 842, 150, 842, 816, 6, None
149, 110753, 1772, 758, 150, 758, 752, 3, None
150, 86018, 1762, 842, 152, 842, 816, 6, None
151, 131892, 1882, 842, 154, 842, 810, 9, None
152, 145779, 1838, 766, 153, 766, 762, 3, None
153, 24212, 1796, 746, 154, 746, 720, 4, None
154, 51815, 1870, 842, 157, 842, 810, 9, None
155, 234637, 1874, 842, 157, 842, 816, 6, None
156, 257600, 1862, 842, 159, 842, 810, 9, None
157, 69193, 2026, 842, 160, 842, 810, 9, None
158, 192407, 1826, 842, 160, 842, 824, 5, None
159, 221148, 2052, 681, 1121, 683, 663, 13, None
160, 32321, 1900, 842, 163, 842, 810, 9, None
161, 14084, 1444, 842, 164, 842, 810, 9, None
162, 291722, 2102, 842, 165, 842, 810, 9, None
163, 36930, 1994, 842, 165, 842, 816, 6, None
164, 218832, 1948, 842, 166, 842, 816, 6, None
165, 62467, 1966, 681, 831, 683, 664, 12, None
166, 1069487, 2036, 1342, 1510, 1402, 1314, 24, None
167, 34532, 2038, 1336, 1, 1336, 1336, 1, 34197
168, 116229, 2018, 1342, 28904, 1402, 1326, 34, None
169, 319657, 2194, 1342, 170, 1346, 1332, 3, None
170, 126301, 1948, 1394, 177, 1402, 1352, 15, None
171, 148095, 2182, 1398, 865, 1426, 1362, 21, None
172, 87457, 2238, 1394, 175, 1396, 1374, 6, None
173, 404757, 2108, 1394, 175, 1398, 1380, 5, None
174, 43383, 2018, 1394, 176, 1402, 1380, 6, None
175, 85432, 2074, 1394, 177, 1402, 1380, 6, None
176, 98337, 2319, 1394, 178, 1402, 1380, 6, None
177, 561682, 2282, 1394, 179, 1402, 1380, 6, None
178, 85019, 2274, 1342, 179, 1346, 1332, 3, None
179, 1742028, 2266, 1394, 181, 1402, 1380, 6, None
180, 132432, 2102, 1434, 181, 1438, 1434, 3, None
181, 737524, 2302, 1490, 364, 1494, 1482, 5, None
182, 89322, 2194, 1558, 3141, 1580, 1446, 55, None
183, 111986, 2312, 1490, 368, 1502, 1482, 6, None
184, 572522, 2298, 1394, 186, 1402, 1380, 6, None
185, 46228, 1964, 1490, 372, 1502, 1482, 6, None
186, 582203, 2386, 1462, 187, 1466, 1452, 3, None
187, 691492, 2274, 1558, 8878, 1586, 1464, 55, None
188, 149118, 2374, 1558, 1332, 1570, 1500, 23, None
189, 34914, 2131, 1558, 193, 1562, 1508, 8, None
190, 134076, 2323, 1542, 767, 1606, 1510, 18, None
191, 55528, 2374, 1394, 193, 1402, 1380, 6, None
192, 346316, 2374, 1542, 37825, 1564, 1526, 17, None
193, 235370, 2302, 1394, 195, 1402, 1380, 6, None
194, 515789, 2342, 1576, 390, 1576, 1552, 5, None
195, 330022, 2406, 1606, 197, 1606, 1560, 4, None
196, 471118, 2402, 1342, 197, 1346, 1332, 3, None
197, 38342, 2342, 1614, 796, 1622, 1590, 10, None
198, 501286, 2418, 1810, 600, 1816, 1794, 10, None
199, 352071, 2490, 1730, 400, 1734, 1722, 5, None
200, 88690, 2382, 1394, 202, 1402, 1380, 6, None
201, 194723, 2526, 1614, 406, 1622, 1584, 9, None
202, 2155947, 2638, 1730, 406, 1734, 1722, 5, None
203, 105600, 2342, 1394, 205, 1402, 1380, 6, None
204, 578880, 2566, 1394, 206, 1402, 1380, 6, None
205, 331158, 2538, 1730, 412, 1734, 1722, 5, None
206, 231118, 2436, 1394, 208, 1402, 1380, 6, None
207, 770339, 2721, 1394, 209, 1402, 1380, 6, None
208, 239993, 2630, 1394, 210, 1402, 1380, 6, None
209, 522343, 2594, 1810, 633, 1816, 1794, 10, None
210, 512233, 2814, 1394, 212, 1402, 1380, 6, None
211, 979783, 2650, 1688, 1, 1688, 1688, 1, 979360
212, 528869, 2638, 1614, 856, 1622, 1584, 10, None
213, 1702961, 2804, 1702, 214, 1706, 1692, 3, None
214, 32932, 2504, 1614, 864, 1622, 1590, 10, None
215, 2687443, 2770, 1342, 216, 1346, 1332, 3, None
216, 328240, 2726, 1342, 217, 1346, 1332, 3, None
217, 624355, 2731, 1394, 219, 1402, 1380, 6, None
218, 469475, 2638, 1342, 219, 1346, 1332, 3, None
219, 69174, 2521, 1342, 220, 1346, 1332, 3, None
220, 901164, 2866, 1342, 221, 1346, 1332, 3, None
221, 530844, 2691, 1394, 223, 1402, 1380, 6, None
222, 60850, 2503, 1614, 896, 1622, 1584, 10, None
223, 675905, 2896, 1614, 900, 1622, 1590, 10, None
224, 70652, 2822, 1614, 904, 1622, 1584, 12, None
225, 1124866, 2944, 1394, 227, 1402, 1380, 6, None
226, 3153959, 2866, 1614, 912, 1622, 1584, 10, None
227, 1853230, 2878, 1394, 229, 1402, 1380, 6, None
228, 421281, 2758, 1346, 229, 1346, 1332, 3, None
229, 246944, 2759, 1614, 924, 1622, 1584, 10, None
230, 4008242, 3062, 1394, 232, 1402, 1380, 6, None
231, 93454, 2518, 1402, 233, 1402, 1380, 6, None
232, 1509839, 3022, 1346, 233, 1346, 1332, 3, None
233, 692734, 3204, 1346, 234, 1346, 1332, 3, None
234, 802345, 2974, 1402, 236, 1402, 1380, 6, None
235, 1730132, 3014, 1702, 236, 1706, 1692, 3, None
236, 3210214, 3062, 1402, 238, 1402, 1380, 6, None
237, 3478515, 3156, 1402, 239, 1402, 1380, 6, None
238, 463963, 2931, 1402, 240, 1402, 1380, 6, None
239, 497925, 3154, 1402, 241, 1402, 1380, 6, None
240, 844399, 3058, 1402, 242, 1402, 1380, 6, None
241, 960706, 3088, 1402, 243, 1402, 1380, 6, None
242, 1335494, 3118, 1622, 976, 1622, 1590, 10, None
243, 1690106, 3364, 1402, 245, 1402, 1380, 6, None
244, 1450694, 3156, 1622, 984, 1622, 1590, 10, None
245, 190589, 2935, 1402, 247, 1402, 1380, 6, None
246, 69415, 2719, 1702, 247, 1706, 1692, 3, None
247, 1127887, 3136, 1402, 249, 1402, 1380, 6, None
248, 257913, 3286, 1402, 250, 1402, 1380, 6, None
249, 404233, 2918, 1402, 251, 1402, 1380, 6, None
250, 66933, 2933, 1402, 252, 1402, 1380, 6, None
251, 326688, 3149, 1402, 253, 1402, 1380, 6, None
252, 3533912, 3544, 1622, 1016, 1622, 1590, 10, None
253, 1643347, 3508, 1402, 255, 1402, 1380, 6, None
254, 1022349, 3284, 1402, 256, 1402, 1380, 6, None
255, 94515, 2954, 1402, 257, 1402, 1380, 6, None
256, 463044, 3316, 1402, 258, 1402, 1380, 6, None
257, 122013, 3106, 1402, 259, 1402, 1380, 6, None
258, 3747175, 3516, 1622, 1040, 1622, 1590, 10, None
259, 151322, 3478, 1622, 1044, 1622, 1584, 12, None
260, 718194, 3386, 1882, 522, 1894, 1856, 7, None
261, 1797764, 3482, 1346, 262, 1346, 1332, 3, None
262, 291409, 3452, 1402, 264, 1402, 1380, 6, None
263, 642305, 3609, 1346, 264, 1346, 1332, 3, None
264, 57620, 2634, 1622, 1064, 1622, 1590, 10, None
265, 100323, 3286, 1402, 267, 1402, 1380, 6, None
266, 63552, 2725, 1346, 267, 1346, 1332, 3, None
267, 626402, 3494, 2042, 268, 2042, 2028, 4, None
268, 474808, 3418, 1402, 270, 1402, 1380, 6, None
269, 426646, 3478, 1402, 271, 1402, 1380, 6, None
270, 2800195, 3594, 1402, 272, 1402, 1380, 6, None
271, 1838156, 3586, 1346, 272, 1346, 1332, 3, None
272, 4560800, 3662, 1622, 1096, 1622, 1590, 10, 4559008
273, 804929, 3382, 2230, 551, 2234, 2204, 11, None
274, 18256, 3554, 1622, 1104, 1622, 1590, 10, None
275, 194528, 3153, 1622, 1108, 1622, 1584, 10, None
276, 1090619, 3418, 1402, 278, 1402, 1380, 6, None
277, 1538567, 3776, 1346, 278, 1346, 1332, 3, None
278, 1561106, 3646, 1402, 280, 1402, 1380, 6, None
279, 53280, 2994, 1622, 1124, 1622, 1590, 10, None
280, 527690, 3922, 2248, 844, 2290, 2240, 10, None
281, 572893, 3637, 1402, 283, 1402, 1380, 6, None
282, 883126, 3693, 2042, 283, 2042, 2028, 4, None
283, 46618, 3209, 1346, 284, 1346, 1332, 3, None
284, 1919372, 3838, 1346, 285, 1346, 1332, 3, None
285, 1854632, 3643, 2630, 286, 2630, 2622, 3, None
286, 695557, 3820, 1402, 288, 1402, 1380, 6, None
287, 3062221, 4375, 1402, 289, 1402, 1380, 6, None
288, 284095, 3687, 2042, 289, 2042, 2028, 4, None
289, 770498, 3658, 2042, 290, 2042, 2028, 4, None
290, 1347556, 3962, 2630, 291, 2630, 2622, 3, 1346685
291, 203872, 3646, 1622, 1172, 1622, 1590, 10, None
292, 2962468, 3868, 2042, 293, 2042, 2028, 4, None
293, 758932, 3646, 1622, 1180, 1622, 1590, 10, None
294, 3181758, 4084, 2630, 295, 2630, 2622, 3, None
295, 766049, 3958, 2374, 594, 2374, 2350, 10, None
296, 1286825, 3868, 2374, 596, 2374, 2350, 9, None
297, 386868, 3858, 2630, 298, 2630, 2622, 3, None
298, 622180, 3742, 2634, 300, 2638, 2618, 7, None
299, 62822, 3056, 1346, 300, 1346, 1332, 3, None
300, 502985, 3670, 2374, 604, 2374, 2350, 9, None
301, 270130, 4018, 2374, 302, 2374, 2366, 3, None
302, 793169, 3852, 2634, 304, 2642, 2618, 8, None
303, 1444749, 3902, 2374, 610, 2374, 2350, 10, None
304, 350293, 3851, 2374, 612, 2374, 2350, 9, None
305, 172406, 4072, 2042, 306, 2042, 2028, 4, None
306, 359749, 3853, 2630, 307, 2630, 2622, 3, None
307, 3035354, 4375, 2634, 309, 2638, 2618, 7, None
308, 1244221, 4092, 2630, 309, 2630, 2622, 3, None
309, 555346, 3938, 2630, 310, 2630, 2622, 3, None
310, 883824, 4071, 2630, 311, 2630, 2622, 3, None
311, 324041, 3849, 2630, 312, 2630, 2622, 3, None
312, 519382, 3847, 2374, 628, 2374, 2350, 9, None
313, 818323, 4198, 2630, 314, 2630, 2622, 3, None
314, 5675748, 4375, 2630, 315, 2630, 2622, 3, None
315, 2211790, 4156, 2630, 316, 2630, 2622, 3, None
316, 579108, 4076, 2630, 317, 2630, 2622, 3, None
317, 4731223, 4400, 2630, 318, 2630, 2622, 3, None
318, 2896502, 4506, 2374, 640, 2374, 2350, 9, None
319, 3379440, 4379, 2630, 320, 2630, 2622, 3, None
320, 324114, 3964, 2634, 322, 2642, 2618, 8, None
321, 80180, 3637, 2042, 322, 2042, 2028, 4, None
322, 5836419, 4375, 2374, 648, 2374, 2350, 10, 5815759
323, 2050237, 4504, 2042, 324, 2042, 2028, 4, None
324, 2468938, 4408, 2630, 325, 2630, 2622, 3, None
325, 3558583, 4414, 2630, 326, 2630, 2622, 3, None
326, 1700005, 4318, 2042, 327, 2042, 2028, 4, None
327, 188495, 3643, 2042, 328, 2042, 2028, 4, None
328, 592659, 4122, 2374, 660, 2374, 2350, 9, None
329, 146372, 4262, 2042, 330, 2042, 2028, 4, None
330, 1571698, 4106, 2634, 662, 2638, 2624, 4, None
331, 2461274, 4548, 2634, 664, 2638, 2624, 4, None
332, 1602649, 4402, 2042, 333, 2042, 2028, 4, None
333, 945453, 4634, 2634, 668, 2638, 2624, 4, 944094
334, 5709101, 4586, 2634, 670, 2638, 2624, 4, None
335, 330455, 3812, 2634, 337, 2642, 2616, 7, None
336, 25664, 3553, 2374, 337, 2374, 2366, 3, 24654
337, 1142326, 4672, 2634, 676, 2638, 2624, 4, None
338, 3409247, 4678, 2374, 339, 2374, 2366, 3, 3408185
339, 310234, 3964, 2374, 682, 2374, 2340, 12, None
340, 1173167, 4314, 2634, 342, 2642, 2616, 7, None
341, 2772709, 4951, 2042, 342, 2042, 2028, 4, None
342, 3501886, 4630, 2634, 344, 2642, 2618, 8, None
343, 62160, 3369, 2634, 688, 2638, 2624, 4, None
344, 3136938, 4636, 2634, 690, 2638, 2624, 4, None
345, 2098090, 4994, 2634, 347, 2642, 2618, 8, None
346, 5418205, 5216, 2634, 348, 2642, 2618, 8, None
347, 4717622, 5018, 2042, 348, 2042, 2028, 4, None
348, 1518003, 4542, 2634, 698, 2638, 2624, 4, None
349, 73621, 3846, 2634, 700, 2638, 2624, 4, None
350, 5582252, 5098, 2634, 702, 2638, 2624, 4, None
351, 656363, 4738, 2634, 704, 2638, 2624, 4, None
352, 3954875, 4618, 2634, 354, 2642, 2616, 7, None
353, 1034464, 4742, 2042, 354, 2042, 2028, 4, None
354, 271255, 4210, 2374, 712, 2374, 2350, 9, None
355, 165939, 4016, 2634, 357, 2642, 2618, 8, None
356, 528043, 5209, 2634, 714, 2638, 2624, 4, None
357, 217664, 4316, 2634, 716, 2638, 2624, 4, None
358, 555162, 5213, 2042, 359, 2042, 2028, 4, None
359, 217086, 4038, 2374, 360, 2374, 2366, 3, None
360, 1191342, 4622, 2374, 724, 2374, 2350, 10, 1129297
361, 197623, 4327, 2042, 362, 2042, 2028, 4, None
362, 1579649, 4927, 2374, 363, 2374, 2366, 3, 1578550
363, 1078182, 4568, 2634, 728, 2638, 2624, 4, None
364, 1942900, 5195, 2042, 365, 2042, 2028, 4, None
365, 1256139, 5178, 2634, 732, 2638, 2624, 4, None
366, 645190, 5226, 2634, 734, 2638, 2624, 4, None
367, 1373836, 5378, 2374, 368, 2374, 2366, 3, None
368, 348077, 4619, 2634, 738, 2638, 2624, 4, None
369, 3015159, 5358, 2634, 740, 2638, 2624, 4, None
370, 332538, 4892, 2042, 371, 2042, 2028, 4, None
371, 928692, 4678, 2042, 372, 2042, 2028, 4, None
372, 171069, 4685, 2634, 374, 2642, 2618, 8, None
373, 475857, 4534, 2374, 750, 2374, 2350, 10, None
374, 972343, 4834, 2634, 376, 2642, 2616, 7, None
375, 697277, 4506, 2634, 752, 2638, 2624, 5, None
376, 1698101, 5223, 2634, 754, 2638, 2624, 4, None
377, 996313, 4826, 2634, 379, 2642, 2618, 8, None
378, 866214, 5036, 2042, 379, 2042, 2028, 4, None
379, 187650, 5262, 2634, 760, 2638, 2624, 4, None
380, 212376, 4923, 2634, 762, 2638, 2624, 4, None
381, 1156790, 5392, 2634, 764, 2638, 2624, 4, None
382, 500736, 4442, 2042, 383, 2042, 2028, 4, None
383, 1658443, 5290, 2634, 768, 2638, 2624, 4, 1656894
384, 1758494, 5348, 2634, 770, 2638, 2624, 4, None
385, 992055, 5132, 2634, 387, 2642, 2618, 8, None
386, 1711008, 5608, 2374, 776, 2374, 2350, 10, None
387, 732818, 4334, 2634, 389, 2642, 2618, 8, None
388, 147898, 4356, 2042, 389, 2042, 2028, 4, None
389, 581406, 5239, 2634, 780, 2638, 2624, 4, None
390, 778368, 5254, 2634, 782, 2638, 2624, 4, None
391, 1850451, 5654, 2042, 392, 2042, 2028, 4, None
392, 375775, 4701, 2374, 788, 2374, 2350, 10, None
393, 321425, 5290, 2042, 394, 2042, 2028, 4, 320244
394, 2021730, 5458, 2634, 790, 2638, 2624, 4, None
395, 1113706, 5462, 2042, 396, 2042, 2028, 4, None
396, 1320043, 4882, 2374, 397, 2374, 2366, 3, 1318845
397, 491156, 5692, 2634, 796, 2638, 2624, 5, None
398, 1001562, 6103, 2374, 800, 2374, 2350, 9, None
399, 795250, 4971, 2634, 800, 2638, 2624, 4, None
400, 106495, 4618, 2634, 802, 2638, 2624, 4, None
401, 188253, 5414, 2374, 402, 2374, 2366, 3, None
402, 653449, 5043, 2634, 806, 2638, 2624, 4, None
403, 127634, 5218, 2374, 404, 2374, 2366, 3, None
404, 384211, 4985, 2374, 812, 2374, 2350, 9, None
405, 1870570, 4958, 2634, 812, 2638, 2624, 4, None
406, 320357, 5370, 2374, 816, 2374, 2350, 9, None
407, 314836, 4622, 2634, 816, 2638, 2624, 4, None
408, 868256, 5668, 2374, 409, 2374, 2366, 3, 867030
409, 263023, 4422, 2042, 410, 2042, 2028, 4, None
410, 2207786, 5294, 2634, 822, 2638, 2624, 5, None
411, 277458, 4415, 2374, 412, 2374, 2366, 3, None
412, 983340, 5606, 2634, 826, 2638, 2624, 4, None
413, 428278, 4902, 2634, 828, 2638, 2624, 4, None
414, 359203, 5710, 2374, 832, 2374, 2350, 9, None
415, 87831, 4198, 2042, 416, 2042, 2028, 4, None
416, 795388, 4929, 2374, 836, 2374, 2350, 9, None
417, 891761, 4925, 2634, 836, 2638, 2624, 4, None
418, 2511013, 5744, 2634, 420, 2642, 2616, 7, None
419, 297867, 4948, 2634, 840, 2638, 2624, 5, None
420, 247729, 5071, 2642, 422, 2642, 2616, 7, None
421, 545789, 4927, 2042, 422, 2042, 2028, 4, None
422, 387477, 4751, 2634, 846, 2638, 2624, 4, None
423, 969811, 5706, 2374, 424, 2374, 2366, 3, None
424, 247802, 5367, 2634, 426, 2642, 2618, 8, None
425, 284238, 5553, 2374, 426, 2374, 2366, 3, None
426, 607004, 4842, 2634, 854, 2638, 2624, 4, None
427, 339952, 5219, 2042, 428, 2042, 2028, 4, None
428, 618084, 5215, 2642, 430, 2642, 2616, 9, None
429, 481675, 5209, 2634, 431, 2642, 2616, 7, None
430, 114903, 4957, 2518, 431, 2518, 2512, 3, None
431, 180944, 5158, 2634, 864, 2638, 2624, 5, None
432, 218452, 5097, 2642, 434, 2642, 2618, 8, None
433, 1520346, 5327, 2638, 868, 2638, 2624, 5, 1518573
434, 353208, 5218, 2042, 435, 2042, 2028, 4, None
435, 478981, 5739, 2642, 437, 2642, 2618, 8, None
436, 1030034, 5042, 2374, 876, 2374, 2350, 9, None
437, 564067, 5461, 2374, 878, 2374, 2350, 10, None
438, 518992, 5756, 2638, 878, 2638, 2624, 4, None
439, 2009501, 5633, 2374, 882, 2374, 2350, 10, None
440, 2109826, 5398, 2374, 884, 2374, 2350, 9, None
441, 331741, 4982, 2638, 884, 2638, 2624, 4, None
442, 912771, 5707, 2374, 888, 2374, 2350, 9, None
443, 55585, 4101, 2042, 444, 2042, 2028, 4, None
444, 2545168, 5806, 2374, 892, 2374, 2350, 10, 2387263
445, 83326, 5028, 2638, 892, 2638, 2624, 4, None
446, 1006981, 5213, 2042, 447, 2042, 2028, 4, None
447, 958701, 5517, 2374, 898, 2374, 2350, 10, None
448, 369498, 5588, 2374, 900, 2374, 2350, 10, None
449, 2108309, 5666, 2638, 900, 2638, 2624, 4, None
450, 833545, 5724, 2638, 902, 2638, 2624, 4, None
451, 1691743, 5496, 2638, 904, 2638, 2624, 5, None
452, 380767, 5215, 2642, 454, 2642, 2616, 7, None
453, 12267383, 5868, 2374, 454, 2374, 2366, 3, None
454, 1389929, 5791, 2638, 910, 2638, 2624, 5, None
455, 2523069, 5906, 2374, 914, 2374, 2350, 10, None
456, 1234633, 5462, 2518, 457, 2518, 2512, 3, None
457, 531436, 5468, 2638, 916, 2638, 2624, 4, 529558
458, 199703, 5586, 2638, 918, 2638, 2624, 4, None
459, 684691, 5987, 2374, 460, 2374, 2366, 3, None
460, 4418202, 5906, 2642, 462, 2642, 2616, 7, None
461, 1623424, 5791, 2638, 924, 2638, 2624, 4, None
462, 156642, 6130, 2638, 926, 2638, 2624, 4, None
463, 4357516, 5942, 2042, 464, 2042, 2028, 4, None
464, 565532, 5714, 2638, 930, 2638, 2624, 4, None
465, 1013099, 5876, 2638, 932, 2638, 2624, 5, None
466, 856473, 6202, 2638, 934, 2638, 2624, 4, None
467, 4390673, 5840, 2638, 936, 2638, 2624, 4, 4388732
468, 1288702, 5876, 2638, 938, 2638, 2624, 5, None
469, 808450, 5932, 2638, 940, 2638, 2624, 4, 806556
470, 1099186, 5876, 2638, 942, 2638, 2624, 4, None
471, 519012, 5752, 2642, 473, 2642, 2618, 8, None
472, 5234439, 6126, 2642, 474, 2642, 2616, 7, None
473, 6180992, 5962, 2638, 948, 2638, 2624, 5, None
474, 130060, 5752, 2638, 950, 2638, 2624, 4, None
475, 1582871, 6198, 2642, 477, 2642, 2616, 7, None
476, 4010144, 6122, 3858, 10049, 3918, 3750, 83, None
477, 12374512, 6242, 2638, 956, 2638, 2624, 4, None
478, 9953934, 6238, 2638, 958, 2638, 2624, 4, None
479, 654295, 6275, 2638, 960, 2638, 2624, 5, None
480, 1293608, 5962, 2642, 482, 2642, 2618, 8, None
481, 2241294, 5816, 2642, 483, 2642, 2618, 8, None
482, 3489586, 6546, 2638, 966, 2638, 2624, 5, None
483, 3695937, 6103, 2638, 968, 2638, 2624, 4, None
484, 2621663, 6194, 2642, 486, 2642, 2618, 8, None
485, 2087868, 6346, 2374, 974, 2374, 2350, 10, None
486, 3848506, 6114, 2638, 974, 2638, 2624, 4, None
487, 3183421, 6418, 4082, 976, 4086, 4074, 5, None
488, 9999467, 6822, 2642, 490, 2642, 2616, 7, None
489, 4206742, 6620, 2638, 980, 2638, 2624, 4, None
490, 2802316, 6242, 2374, 491, 2374, 2366, 3, 2800844
491, 1601986, 5948, 2638, 984, 2638, 2624, 4, None
492, 799283, 6725, 2374, 988, 2374, 2350, 9, None
493, 13909143, 6431, 2638, 988, 2638, 2624, 4, None
494, 15872190, 6428, 2638, 990, 2638, 2624, 4, None
495, 2371687, 6425, 2638, 992, 2638, 2624, 5, None
496, 2211468, 6391, 2638, 994, 2638, 2624, 4, None
497, 4921354, 6425, 4082, 996, 4086, 4074, 5, None
498, 7095894, 6391, 2638, 998, 2638, 2624, 4, None
499, 1884917, 6689, 2638, 1000, 2638, 2624, 4, None
500, 2517207, 6988, 2638, 1002, 2638, 2624, 4, None
501, 9166674, 6418, 2642, 503, 2642, 2618, 8, None
502, 13325612, 6378, 2642, 504, 2642, 2618, 8, None
503, 2988441, 6794, 2638, 1008, 2638, 2624, 5, None
504, 4235728, 6446, 2374, 1012, 2374, 2350, 9, None
505, 17028517, 6428, 2638, 1012, 2638, 2624, 4, None
506, 1845608, 6204, 2638, 1014, 2638, 2624, 5, None
507, 4923032, 6466, 2642, 509, 2642, 2616, 10, 4887517
508, 1370844, 6470, 2638, 1018, 2638, 2624, 5, None
509, 23789310, 6800, 2638, 1020, 2638, 2624, 5, None
510, 24076758, 6808, 2642, 512, 2642, 2618, 8, None
511, 12111722, 6746, 2638, 1024, 2638, 2624, 5, None
512, 909472, 6458, 2642, 514, 2642, 2618, 8, None
513, 13821746, 6798, 2642, 515, 2642, 2618, 8, None
514, 33916716, 6724, 2638, 1030, 2638, 2624, 4, None
515, 4691611, 7081, 2374, 1034, 2374, 2350, 10, None
516, 23569474, 6724, 2638, 517, 2638, 2634, 3, None
517, 3246446, 6706, 2642, 519, 2642, 2616, 7, None
518, 33855506, 7252, 2638, 1038, 2638, 2624, 4, None
519, 27560398, 7091, 2638, 1040, 2638, 2624, 4, 27558312
520, 1836721, 6850, 2638, 1042, 2638, 2624, 4, None
521, 51935275, 7102, 2638, 1044, 2638, 2624, 4, None
522, 7160931, 7062, 2638, 1046, 2638, 2624, 4, None
523, 15613458, 6822, 4610, 524, 4612, 4602, 4, None
524, 58841666, 7204, 4254, 5279, 4402, 4186, 60, None
525, 16819939, 6992, 2374, 1054, 2374, 2350, 10, None
526, 2180136, 7024, 2642, 528, 2642, 2616, 7, None
527, 3270054, 6482, 2638, 1056, 2638, 2624, 5, None
528, 1268155, 6419, 4254, 2656, 4262, 4216, 20, None
529, 101284247, 7066, 4254, 2661, 4262, 4216, 20, None
530, 5307452, 7013, 2642, 532, 2642, 2616, 7, None
531, 3680095, 6831, 4254, 9080, 4354, 4230, 47, None
532, 9462642, 6938, 4534, 7707552, 6938, 2178, 4568, None
533, 13100830, 6826, 4610, 534, 4612, 4602, 4, None
534, 5088107, 6728, 4430, 2697273, 6715, 2208, 4229, None
535, 4082893, 6914, 4334, 10193, 4478, 4140, 149, None
536, 1643944, 6803, 4294, 537, 4294, 4288, 2, None
537, 3283944, 7093, 4342, 9161, 4436, 4258, 79, None
538, 6255648, 7074, 4310, 2157, 4314, 4296, 8, None
539, 112896, 6421, 4610, 540, 4612, 4602, 4, None
540, 8542845, 7114, 4328, 541, 4328, 4324, 2, 8541224
541, 727798, 6682, 4342, 542, 4342, 4332, 3, None
542, 750494, 6520, 4342, 1087, 4362, 4336, 7, None
543, 5971419, 6928, 4362, 545, 4362, 4344, 4, None
544, 4452700, 6778, 4430, 532232, 4504, 4336, 88, None
545, 13127996, 7114, 4430, 1031429, 4538, 4336, 94, None
546, 900841, 6725, 4430, 150424, 4442, 4368, 25, None
547, 4414790, 6910, 4394, 449362, 4438, 4370, 24, None
548, 332832, 6806, 4378, 1649, 4430, 4378, 12, None
549, 1091428, 6976, 4434, 3857, 4440, 4382, 21, None
550, 10945436, 7214, 4434, 3863, 4502, 4390, 30, None
551, 5657984, 7544, 2638, 1104, 2638, 2624, 5, None
552, 18236369, 7162, 4438, 1107, 4442, 4410, 8, None
553, 37135694, 7262, 4610, 554, 4612, 4602, 4, None
554, 28084832, 7664, 2638, 1110, 2638, 2624, 4, None
555, 26423586, 7180, 4434, 559, 4442, 4402, 9, None
556, 3239592, 7388, 4534, 557, 4534, 4522, 3, None
557, 9960475, 7246, 2638, 1116, 2638, 2624, 5, None
558, 4774492, 7288, 4434, 562, 4442, 4402, 9, None
559, 55134893, 7403, 4434, 563, 4442, 4402, 9, None
560, 79537553, 7558, 2638, 1122, 2638, 2624, 4, None
561, 32815854, 7262, 2638, 1124, 2638, 2624, 5, None
562, 61367961, 7534, 4610, 563, 4612, 4602, 4, None
563, 51311171, 8133, 4610, 564, 4612, 4602, 4, None
564, 14919036, 7526, 4434, 568, 4442, 4402, 9, None
565, 13471035, 7322, 4434, 569, 4442, 4402, 9, None
566, 410070, 7016, 4568, 567, 4568, 4536, 3, None
567, 16702693, 7558, 4610, 568, 4612, 4602, 4, None
568, 35884081, 7634, 4434, 572, 4442, 4402, 9, None
569, 154797884, 8129, 4610, 570, 4612, 4602, 4, None
570, 47121422, 7682, 4582, 4568, 4586, 4548, 13, None
571, 61744555, 7754, 4434, 575, 4442, 4402, 9, None
572, 26864033, 7408, 4744, 573, 4744, 4736, 2, 26862313
573, 32324503, 7809, 4610, 574, 4612, 4602, 4, None
574, 15814164, 7390, 4610, 575, 4612, 4602, 4, None
575, 66527830, 7754, 4630, 576, 4630, 4608, 3, None
576, 81215217, 8046, 4630, 577, 4630, 4608, 2, None
577, 76697314, 7808, 2638, 1156, 2638, 2624, 5, None
578, 138509851, 7976, 4434, 582, 4442, 4402, 9, None
579, 44975288, 7766, 5154, 580, 5158, 5130, 5, 44973538
580, 88235841, 7790, 5286, 582, 5288, 5270, 7, 88160887
581, 190268429, 7964, 4744, 582, 4744, 4736, 2, 190266680
582, 146585382, 7984, 2638, 1166, 2638, 2624, 4, None
583, 8797589, 7580, 4744, 584, 4744, 4736, 2, 8795837
584, 157182142, 8146, 2638, 1170, 2638, 2624, 5, None
585, 261079130, 7864, 5154, 586, 5158, 5130, 5, 261077373
586, 79968551, 7892, 4434, 590, 4442, 4402, 9, None
587, 300242210, 8066, 2642, 589, 2642, 2618, 8, None
588, 22603461, 7798, 2638, 1178, 2638, 2624, 5, None
589, 28824084, 7726, 4534, 590, 4534, 4522, 3, None
590, 966857508, 8846, 4434, 594, 4442, 4402, 9, None
591, 758506926, 8464, 5154, 592, 5158, 5130, 5, 758505134
592, 59000316, 8292, 4434, 596, 4442, 4402, 9, None
593, 30645721, 7902, 4434, 597, 4442, 4402, 9, None
594, 3791038, 7531, 5154, 595, 5158, 5130, 5, None
595, 68101022, 8050, 2638, 1192, 2638, 2624, 5, None
596, 756818316, 8414, 2638, 1194, 2638, 2624, 5, None
597, 106418590, 8471, 5154, 598, 5158, 5130, 5, None
598, 54957243, 8141, 4922, 1204, 4942, 4842, 17, None
599, 107597201, 8818, 5286, 601, 5288, 5270, 7, None
600, 142977194, 8390, 4854, 356994, 4858, 4794, 24, None
601, 54311064, 8129, 4854, 39089667, 8129, 2478, 5412, None
602, 41895315, 8070, 4854, 776130, 4938, 4788, 67, None
603, 44615192, 8138, 5154, 604, 5158, 5130, 5, None
604, 1965425, 7815, 4854, 370263, 4898, 4826, 24, None
605, 24030892, 8258, 4856, 606, 4856, 4840, 2, None
606, 25308715, 8082, 4854, 369665, 4874, 4842, 12, None
607, 43009593, 8090, 4938, 1113911, 5138, 4760, 191, None
608, 9699516, 8042, 4938, 372098, 4938, 4858, 16, None
609, 64619335, 8324, 4938, 611, 4946, 4912, 9, None
610, 9108908, 7927, 4938, 376990, 5014, 4844, 50, None
611, 5318071, 7706, 4898, 1225, 4938, 4890, 8, None
612, 1923388, 7386, 4898, 1840, 4924, 4890, 10, None
613, 14143541, 8258, 4904, 1, 4904, 4904, 1, 14142314
614, 2955280, 8042, 4938, 616, 4946, 4912, 8, None
615, 8660200, 8162, 4978, 616, 4978, 4950, 3, None
616, 6088723, 8090, 4978, 617, 4978, 4970, 3, None
617, 8915964, 8286, 4974, 1858, 5128, 4944, 29, None
618, 6364114, 8114, 5154, 619, 5158, 5130, 5, None
619, 5188883, 7708, 4978, 620, 4978, 4970, 3, None
620, 31982872, 8314, 4978, 621, 4978, 4970, 3, None
621, 9715672, 8070, 4978, 622, 4978, 4970, 3, None
622, 18892448, 8399, 4978, 623, 4978, 4976, 2, None
623, 38204216, 8402, 4994, 2496, 5128, 4984, 21, None
624, 34706871, 8606, 5154, 625, 5158, 5130, 5, None
625, 25788155, 8398, 4938, 627, 4946, 4912, 9, None
626, 1869413, 7768, 5018, 3136, 5128, 5004, 22, None
627, 23382448, 8416, 5154, 227447, 5306, 4998, 125, None
628, 193935640, 8686, 5034, 629, 5036, 5022, 3, None
629, 3513131, 8356, 5154, 630, 5158, 5130, 5, None
630, 247651041, 8638, 5118, 4540823, 8306, 2610, 5391, None
631, 7746948, 8182, 5154, 632, 5158, 5130, 5, 7745053
632, 85537517, 8678, 5154, 633, 5158, 5130, 5, None
633, 106687296, 8734, 5154, 634, 5158, 5130, 5, None
634, 60818272, 8458, 5118, 104150, 5132, 5070, 21, None
635, 146380963, 8644, 4938, 637, 4946, 4912, 9, None
636, 65336732, 8483, 5154, 637, 5158, 5130, 5, None
637, 12705547, 8582, 5158, 638, 5158, 5130, 5, None
638, 101868500, 9110, 5118, 1918, 5134, 5104, 9, None
639, 135775693, 8596, 5154, 640, 5158, 5130, 5, None
640, 46028742, 8886, 5154, 641, 5158, 5130, 5, None
641, 162045907, 8686, 5154, 642, 5158, 5130, 5, None
642, 187416437, 8954, 4938, 644, 4946, 4912, 8, None
643, 149776095, 8894, 5154, 644, 5158, 5130, 5, None
644, 85780323, 8677, 5158, 645, 5158, 5130, 5, None
645, 71175788, 8630, 5154, 646, 5158, 5130, 5, None
646, 172234183, 9146, 5154, 647, 5158, 5130, 5, 172232243
647, 809823236, 9237, 5154, 648, 5158, 5130, 5, None
648, 312909640, 9369, 5154, 649, 5158, 5130, 4, None
649, 183366447, 9076, 5154, 650, 5158, 5130, 5, None
650, 63651277, 8886, 5154, 651, 5158, 5130, 5, 63649256
651, 568566212, 9224, 5158, 652, 5158, 5130, 5, None
652, 1881470781, 9078, 5154, 653, 5158, 5130, 5, None
653, 189570855, 9722, 5158, 654, 5158, 5130, 5, None
654, 50943754, 8884, 5154, 655, 5158, 5130, 5, None
655, 89442003, 8858, 5154, 656, 5158, 5130, 5, None
656, 388344752, 9182, 5154, 657, 5158, 5130, 5, None
657, 137938708, 8948, 5154, 658, 5158, 5130, 5, None
658, 18660073, 9002, 5154, 659, 5158, 5130, 5, None
659, 39773166, 9032, 5158, 660, 5158, 5130, 5, None
660, 464013344, 9250, 5154, 661, 5158, 5130, 5, None
661, 305007385, 9356, 5154, 662, 5158, 5130, 5, None
662, 265513260, 9082, 5154, 663, 5158, 5130, 5, None
663, 1290216239, 9406, 5154, 664, 5158, 5130, 5, None
664, 527086844, 9194, 5158, 665, 5158, 5130, 5, None
665, 1785614295, 9478, 5158, 666, 5158, 5130, 5, None
666, 1701766349, 9422, 4938, 668, 4946, 4912, 9, None
667, 59849708, 9074, 3062, 668, 3062, 3056, 3, None
668, 275866506, 9508, 4938, 670, 4946, 4912, 9, None
669, 322108490, 9664, 4938, 671, 4946, 4912, 8, None
670, 2384666905, 9944, 4938, 672, 4946, 4912, 9, None
671, 996036336, 9586, 5898, 672, 5898, 5888, 3, None
672, 1203111833, 9442, 5154, 673, 5158, 5130, 5, None
673, 53922655, 9070, 4938, 675, 4946, 4912, 9, None
674, 382525045, 9498, 4938, 676, 4946, 4912, 9, None
675, 280337987, 9556, 5158, 676, 5158, 5130, 5, None
676, 650763553, 9459, 5158, 677, 5158, 5130, 5, None
677, 45441044, 9242, 5154, 678, 5158, 5130, 5, None
678, 899377735, 9722, 5154, 679, 5158, 5130, 5, None
679, 281394886, 9626, 5154, 680, 5158, 5130, 5, None
680, 831907777, 10196, 4938, 682, 4946, 4912, 9, None
681, 377951243, 9662, 4938, 683, 4946, 4912, 9, None
682, 14906260, 8860, 5154, 683, 5158, 5130, 5, None
683, 2904690574, 9722, 3062, 684, 3062, 3056, 3, None
684, 1413013486, 9650, 4938, 686, 4946, 4912, 9, None
685, 923054450, 9670, 5898, 686, 5898, 5888, 3, None
686, 1500469511, 9806, 5898, 687, 5898, 5888, 3, None
687, 501722074, 9556, 5158, 688, 5158, 5130, 5, None
688, 703558622, 9878, 5154, 689, 5158, 5130, 5, None
689, 808855541, 9908, 5154, 690, 5158, 5130, 5, None
690, 285512153, 9586, 5158, 691, 5158, 5130, 5, None
691, 972716688, 9884, 5154, 692, 5158, 5130, 5, 972714605
692, 24342798, 9678, 2918, 693, 2918, 2880, 4, None
693, 178443251, 9674, 5898, 694, 5898, 5888, 3, None
694, 522154389, 9658, 3062, 695, 3062, 3056, 3, None
695, 288288811, 10364, 5846, 12528, 5846, 5800, 8, None
696, 414264814, 9893, 5154, 697, 5158, 5130, 5, 414262723
697, 5774150960, 10312, 5158, 698, 5158, 5130, 5, None
698, 938824132, 10172, 5898, 699, 5898, 5888, 3, None
699, 886078292, 9874, 5898, 700, 5898, 5888, 3, None
700, 277023487, 10046, 5154, 701, 5158, 5130, 5, None
701, 98910797, 9518, 5846, 8424, 5846, 5800, 8, None
702, 511616272, 9904, 5846, 7733, 5846, 5800, 8, None
703, 504716762, 9946, 5898, 704, 5898, 5888, 3, None
704, 7684288, 9838, 5846, 9165, 5846, 5800, 8, None
705, 238935812, 9722, 5846, 7060, 5846, 5800, 8, None
706, 91103748, 9722, 5898, 707, 5898, 5888, 3, None
707, 188573288, 10036, 5786, 708, 5788, 5778, 4, None
708, 128305279, 9896, 5786, 709, 5788, 5778, 4, 128303154
709, 65829306, 9626, 5846, 5680, 5846, 5800, 8, None
710, 28329469, 9740, 5786, 711, 5788, 5778, 4, None
711, 192018564, 9950, 5898, 712, 5898, 5888, 3, None
712, 38877480, 10274, 5898, 713, 5898, 5888, 3, None
713, 116132207, 9674, 5846, 4284, 5846, 5800, 8, None
714, 12075956, 9278, 5846, 5005, 5846, 5800, 8, None
715, 84707584, 9788, 5898, 716, 5898, 5888, 3, None
716, 101462433, 9767, 5816, 2151, 5846, 5800, 8, None
717, 66169906, 9906, 5846, 2872, 5846, 5800, 8, None
718, 19824983, 9574, 5786, 719, 5788, 5778, 4, None
719, 106469216, 10265, 5846, 4320, 5846, 5800, 8, None
720, 82984986, 10198, 5898, 721, 5898, 5888, 3, None
721, 18999323, 9574, 5898, 722, 5898, 5888, 3, None
722, 16908968, 9722, 5786, 723, 5788, 5778, 4, None
723, 24496718, 9586, 5882, 443260, 6086, 5720, 152, None
724, 51666481, 9839, 5816, 2175, 5846, 5800, 8, None
725, 5703042, 9868, 5882, 804432, 5924, 5778, 54, None
726, 94127144, 10356, 5802, 727, 5806, 5802, 3, None
727, 71832387, 9894, 5898, 728, 5898, 5888, 3, None
728, 33415879, 10020, 5882, 134136, 5886, 5840, 17, None
729, 11674474, 9942, 5898, 730, 5898, 5888, 3, None
730, 2344672, 9254, 5898, 731, 5898, 5888, 3, None
731, 536813942, 10522, 5898, 732, 5898, 5888, 3, None
732, 83372608, 10415, 5898, 733, 5898, 5888, 3, None
733, 52900083, 10216, 5864, 1, 5864, 5864, 1, 52898616
734, 171787464, 10443, 5898, 735, 5898, 5888, 3, None
735, 467692291, 10808, 5898, 736, 5898, 5888, 3, None
736, 142105507, 10526, 5154, 737, 5158, 5130, 5, None
737, 383852087, 11306, 6086, 116808, 6446, 5538, 595, None
738, 454805961, 10586, 5714, 62006109, 10196, 3010, 6780, None
739, 357420708, 10825, 5714, 90888249, 10732, 3030, 7068, None
740, 1092030586, 10574, 5982, 6690, 6122, 5922, 57, None
741, 1544332879, 10708, 5714, 721746099, 10708, 3024, 7384, None
742, 17770515, 10236, 5966, 1487, 5982, 5950, 8, None
743, 304052694, 10754, 5714, 156061977, 10574, 3092, 7080, None
744, 790024628, 10618, 5966, 1491, 5982, 5950, 8, None
745, 179919863, 10604, 6008, 2242, 6086, 5976, 21, None
746, 485852376, 10586, 4938, 748, 4946, 4912, 9, None
747, 344743356, 10482, 6214, 93672, 6418, 5832, 379, None
748, 371279690, 10522, 6086, 9260806, 9634, 3225, 6214, None
749, 74031802, 10420, 6086, 179611, 6418, 5898, 321, None
750, 232995326, 10554, 6214, 121108, 6350, 5895, 290, None
751, 363555530, 10826, 5714, 207447846, 10826, 3072, 7328, None
752, 261840982, 10562, 6086, 55016, 6226, 5964, 155, None
753, 149032083, 10748, 6214, 5297, 6214, 6016, 55, None
754, 78942913, 10459, 6126, 32522, 6234, 6000, 125, None
755, 48222572, 10826, 6056, 756, 6056, 6052, 2, 48220306
756, 48965889, 10328, 6056, 757, 6056, 6052, 2, 48963620
757, 40159541, 10690, 6056, 2275, 6086, 6052, 8, None
758, 82762586, 10328, 6126, 582186, 6242, 6056, 68, None
759, 435654327, 10594, 6214, 6858, 6226, 6068, 54, None
760, 15748371, 10300, 6130, 6091, 6226, 6056, 45, None
761, 67692397, 10484, 6214, 768, 6214, 6096, 15, None
762, 77692105, 10333, 6094, 1526, 6128, 6090, 9, None
763, 155421847, 10978, 6214, 943548, 6234, 6096, 52, None
764, 391389204, 10878, 6214, 6129, 6234, 6108, 33, None
765, 79235425, 11238, 6152, 1536, 6214, 6132, 15, None
766, 338091246, 10766, 6214, 769, 6214, 6144, 7, None
767, 59525987, 10654, 6234, 768, 6238, 6210, 4, None
768, 634715967, 10900, 6214, 4616, 6218, 6140, 21, None
769, 397925676, 11030, 6154, 2314, 6202, 6138, 19, None
770, 207120364, 10594, 6214, 772, 6214, 6160, 4, None
771, 38310829, 10636, 6194, 776, 6198, 6164, 10, None
772, 520155619, 11002, 6234, 773, 6238, 6210, 4, 520153290
773, 1506238986, 11127, 6234, 774, 6238, 6210, 4, None
774, 812112803, 11304, 6234, 775, 6238, 6210, 4, None
775, 51188691, 10946, 6346, 2334, 6346, 6194, 21, None
776, 250863119, 11236, 6234, 777, 6238, 6210, 4, None
777, 182014563, 10784, 5158, 778, 5158, 5130, 5, 182012230
778, 366337791, 10902, 6234, 779, 6238, 6210, 4, 366335456
779, 751162744, 11338, 6234, 780, 6238, 6210, 4, None
780, 409838341, 11198, 6234, 781, 6238, 6210, 4, None
781, 89721595, 10694, 6214, 782, 6218, 6192, 3, None
782, 538001459, 11146, 6234, 783, 6238, 6210, 4, None
783, 260447747, 11432, 6234, 784, 6238, 6210, 4, None
784, 837420651, 11282, 6234, 785, 6238, 6210, 4, None
785, 427009398, 10886, 6214, 786, 6218, 6192, 3, None
786, 306752580, 11344, 6234, 787, 6238, 6210, 4, None
787, 753683605, 11278, 5158, 788, 5158, 5130, 5, None
788, 3746333446, 11638, 6234, 789, 6238, 6210, 4, None
789, 362362964, 11237, 6234, 790, 6238, 6210, 4, None
790, 110233710, 10804, 6234, 791, 6238, 6210, 4, None
791, 40647127, 10833, 4938, 793, 4946, 4912, 8, None
792, 626556091, 11420, 6234, 793, 6238, 6210, 4, 626553714
793, 944820642, 11578, 6234, 794, 6238, 6210, 4, None
794, 712557941, 11276, 6234, 795, 6238, 6210, 4, None
795, 673697438, 11302, 6234, 796, 6238, 6210, 4, None
796, 1622633200, 11806, 6234, 797, 6238, 6210, 4, None
797, 11194327, 10742, 6234, 798, 6238, 6210, 4, None
798, 2795823358, 11642, 6234, 799, 6238, 6210, 4, None
799, 315621904, 11878, 5158, 800, 5158, 5130, 5, None
800, 354591954, 11208, 6234, 801, 6238, 6210, 4, None
801, 1562764608, 11762, 6234, 802, 6238, 6210, 4, None
802, 1625760824, 11626, 4938, 804, 4946, 4912, 9, None
803, 1923699127, 11538, 6234, 804, 6238, 6210, 4, 1923696717
804, 311685924, 11498, 6234, 805, 6238, 6210, 4, None
805, 411895979, 11406, 6234, 806, 6238, 6210, 4, None
806, 789315258, 12594, 6234, 807, 6238, 6210, 4, None
807, 1446718856, 11836, 6234, 808, 6238, 6210, 4, None
808, 2536447881, 12314, 6234, 809, 6238, 6210, 4, None
809, 538421019, 11522, 6234, 810, 6238, 6210, 4, None
810, 2273893331, 12526, 6234, 811, 6238, 6210, 4, None
811, 233776872, 11342, 6234, 812, 6238, 6210, 4, None
812, 15103910, 10876, 6234, 813, 6238, 6210, 4, None
813, 540120580, 11510, 6214, 814, 6218, 6192, 3, None
814, 705840727, 12098, 6234, 815, 6238, 6210, 4, None
815, 1109372241, 11902, 6234, 816, 6238, 6210, 4, None
816, 848641476, 11654, 6234, 817, 6238, 6210, 4, None
817, 1569518205, 12092, 6234, 818, 6238, 6210, 4, 1569515753
818, 265715233, 12092, 6234, 819, 6238, 6210, 4, None
819, 1081162454, 12100, 6130, 820, 6134, 6128, 3, None
820, 302590139, 11752, 6214, 821, 6218, 6192, 3, None
821, 188315562, 11710, 6234, 822, 6238, 6210, 4, 188313098
822, 1649413730, 12149, 6214, 823, 6218, 6192, 3, None
823, 287967223, 11642, 6214, 824, 6218, 6192, 3, None
824, 31738897, 11294, 6234, 825, 6238, 6210, 4, None
825, 2246403521, 11988, 6234, 826, 6238, 6210, 4, None
826, 660892977, 11674, 6214, 827, 6218, 6192, 3, None
827, 202769, 10334, 5154, 828, 5158, 5130, 5, None
828, 1738555692, 12125, 6214, 829, 6218, 6192, 3, None
829, 1038814296, 12231, 6214, 830, 6218, 6192, 3, None
830, 90842388, 11334, 6234, 831, 6238, 6210, 4, None
831, 762119070, 11758, 6234, 832, 6238, 6210, 4, None
832, 739447222, 12020, 6234, 833, 6238, 6210, 4, None
833, 251346930, 12182, 6234, 834, 6238, 6210, 4, None
834, 29409707, 11482, 6234, 835, 6238, 6210, 4, None
835, 496331027, 11950, 6234, 836, 6238, 6210, 4, None
836, 1081883161, 12178, 6234, 837, 6238, 6210, 4, 1081880652
837, 1007410631, 12046, 5798, 839, 5806, 5750, 8, None
838, 86912233, 11878, 6234, 839, 6238, 6210, 4, None
839, 301994829, 12138, 6234, 840, 6238, 6210, 4, None
840, 1116675198, 12111, 6234, 841, 6238, 6210, 4, None
841, 1728840599, 12266, 6234, 842, 6238, 6210, 4, None
842, 2068468717, 12434, 6234, 843, 6238, 6210, 4, None
843, 261661222, 12034, 6234, 844, 6238, 6210, 4, None
844, 1007246571, 12552, 6214, 845, 6218, 6192, 3, None
845, 882700902, 11974, 6234, 846, 6238, 6210, 4, None
846, 679284615, 12178, 6234, 847, 6238, 6210, 4, None
847, 1447493796, 12214, 6234, 848, 6238, 6210, 4, None
848, 2099384779, 12594, 6234, 849, 6238, 6210, 4, None
849, 1611217928, 12686, 5154, 850, 5158, 5130, 5, None
850, 2519391658, 12436, 6234, 851, 6238, 6210, 4, 2519389107
851, 2426233649, 12754, 6234, 852, 6238, 6210, 4, None
852, 1449707146, 12366, 6234, 853, 6238, 6210, 4, None
853, 3265273547, 12704, 6234, 854, 6238, 6210, 4, None
854, 2067907400, 12332, 6214, 855, 6218, 6192, 3, None
855, 506969177, 12526, 6214, 856, 6218, 6192, 3, None
856, 566215792, 12916, 6234, 857, 6238, 6210, 4, None
857, 463312721, 12215, 7554, 858, 7558, 7546, 5, 463309976
858, 1018256817, 12482, 6234, 859, 6238, 6210, 4, None
859, 4185338551, 12944, 6214, 860, 6218, 6192, 3, None
860, 708006778, 13142, 5158, 861, 5158, 5130, 5, None
861, 713528822, 12338, 6214, 862, 6218, 6192, 3, None
862, 3606073802, 13058, 5158, 863, 5158, 5130, 5, None
863, 6743781109, 13194, 5158, 864, 5158, 5130, 5, None
864, 5338861566, 12946, 6234, 865, 6238, 6210, 4, None
865, 789517237, 12592, 6234, 866, 6238, 6210, 4, None
866, 1530323374, 13033, 6234, 867, 6238, 6210, 4, None
867, 1497309783, 13012, 4946, 869, 4946, 4912, 9, None
868, 10955661, 11533, 7554, 869, 7558, 7546, 5, 10952877
869, 2189722163, 13088, 6234, 870, 6238, 6210, 4, None
870, 1365148687, 13016, 5158, 871, 5158, 5130, 5, None
871, 242895369, 12688, 6234, 872, 6238, 6210, 4, None
872, 638356126, 13015, 6234, 873, 6238, 6210, 4, None
873, 214798949, 13019, 5158, 874, 5158, 5130, 5, None
874, 1561827782, 12686, 6234, 875, 6238, 6210, 4, 1561825149
875, 569231510, 13194, 6234, 876, 6238, 6210, 4, 569228884
876, 879115943, 13114, 6234, 877, 6238, 6210, 4, None
877, 5028552622, 13190, 5158, 878, 5158, 5130, 5, None
878, 1247000082, 12916, 6234, 879, 6238, 6210, 4, None
879, 5076011370, 13326, 5158, 880, 5158, 5130, 5, None
880, 2257697643, 13100, 6234, 881, 6238, 6210, 4, None
881, 4561517154, 13326, 6234, 882, 6238, 6210, 4, None
882, 276565413, 12438, 6214, 883, 6218, 6192, 3, None
883, 245508892, 12334, 6234, 884, 6238, 6210, 4, None
884, 2000323053, 13015, 6234, 885, 6238, 6210, 4, None
885, 3042219114, 13588, 6234, 886, 6238, 6210, 4, None
886, 2667584445, 13142, 6234, 887, 6238, 6210, 4, None
887, 993669168, 13226, 6214, 888, 6218, 6192, 3, None
888, 1273279233, 13228, 6234, 889, 6238, 6210, 4, None
889, 884085532, 12858, 7554, 890, 7558, 7546, 5, None
890, 1982439794, 13548, 6234, 891, 6238, 6210, 4, None
891, 3423289717, 13258, 6234, 892, 6238, 6210, 4, 3423287043
892, 34939003, 11894, 6234, 893, 6238, 6210, 4, None
893, 438176573, 12748, 6234, 894, 6238, 6210, 4, None
894, 1301208963, 13022, 6214, 895, 6218, 6192, 3, None
895, 5809654267, 13254, 6234, 896, 6238, 6210, 4, None
896, 1774269676, 13382, 6234, 897, 6238, 6210, 4, None
897, 647705991, 13007, 6234, 898, 6238, 6210, 4, None
898, 427332043, 13564, 6234, 899, 6238, 6210, 4, None
899, 1417350832, 13465, 6234, 900, 6238, 6210, 4, None
900, 821810648, 13058, 6234, 901, 6238, 6210, 4, None
901, 5866725007, 13472, 6214, 902, 6218, 6192, 3, None
902, 1793509731, 13132, 6234, 903, 6238, 6210, 4, None
903, 580301160, 13768, 6234, 904, 6238, 6210, 4, None
904, 394179727, 12830, 6234, 905, 6238, 6210, 4, None
905, 1129165559, 13384, 6234, 906, 6238, 6210, 4, None
906, 10941999697, 13943, 7554, 907, 7558, 7546, 5, 10941996644
907, 193186365, 12686, 6234, 908, 6238, 6210, 4, None
908, 1222517078, 13574, 6234, 909, 6238, 6210, 4, None
909, 5235959480, 13574, 6234, 910, 6238, 6210, 4, None
910, 908602676, 13196, 6234, 911, 6238, 6210, 4, 908599944
911, 2770298153, 13264, 6234, 912, 6238, 6210, 4, None
912, 1044691740, 13492, 6234, 913, 6238, 6210, 4, None
913, 649789358, 12892, 6234, 914, 6238, 6210, 4, None
914, 324395092, 13732, 6234, 915, 6238, 6210, 4, None
915, 4558399773, 13698, 6234, 916, 6238, 6210, 4, None
916, 2087143234, 13544, 6214, 917, 6218, 6192, 3, None
917, 3411399347, 13618, 6234, 918, 6238, 6210, 4, None
918, 3071311062, 13828, 6234, 919, 6238, 6210, 4, None
919, 2002755055, 14138, 5158, 920, 5158, 5130, 5, None
920, 441870226, 13864, 6234, 921, 6238, 6210, 4, 441867464
921, 1288281305, 13732, 6214, 922, 6218, 6192, 3, None
922, 53311206, 12854, 6234, 923, 6238, 6210, 4, None
923, 543629992, 13732, 6234, 924, 6238, 6210, 4, None
924, 729084865, 13388, 5158, 925, 5158, 5130, 5, None
925, 3768422067, 13732, 6234, 926, 6238, 6210, 4, None
926, 868360528, 14050, 6214, 927, 6218, 6192, 3, None
927, 838926764, 13522, 6234, 928, 6238, 6210, 4, None
928, 4551996541, 14656, 6214, 929, 6218, 6192, 3, None
929, 1819538843, 13968, 6234, 930, 6238, 6210, 4, None
930, 1425202946, 13690, 5158, 931, 5158, 5130, 5, None
931, 1896308885, 13850, 6234, 932, 6238, 6210, 4, None
932, 12762936822, 14483, 6234, 933, 6238, 6210, 4, None
933, 5345387408, 13784, 6234, 934, 6238, 6210, 4, None
934, 404333179, 13462, 6234, 935, 6238, 6210, 4, None
935, 1721980703, 13942, 6234, 936, 6238, 6210, 4, None
936, 1676127815, 13778, 6234, 937, 6238, 6210, 4, None
937, 121233078, 13021, 6234, 938, 6238, 6210, 4, None
938, 3527873665, 14162, 4946, 940, 4946, 4912, 7, None
939, 803839183, 14546, 6234, 940, 6238, 6210, 4, None
940, 4996645399, 14457, 6214, 941, 6218, 6192, 3, None
941, 395499717, 13198, 6234, 942, 6238, 6210, 4, None
942, 3399218522, 13924, 6234, 943, 6238, 6210, 4, None
943, 2491674610, 13947, 6234, 944, 6238, 6210, 4, 2491671780
944, 1552167157, 13945, 6234, 945, 6238, 6210, 4, None
945, 4842995624, 14294, 6234, 946, 6238, 6210, 4, 4842992788
946, 451101209, 13931, 6214, 947, 6218, 6192, 3, None
947, 3264377333, 14294, 6234, 948, 6238, 6210, 4, None
948, 3308366045, 14164, 5666, 949, 5666, 5652, 3, None
949, 2632045322, 13955, 6234, 950, 6238, 6210, 4, None
950, 72324720, 13941, 5666, 951, 5666, 5652, 3, None
951, 2760549741, 13956, 7558, 952, 7558, 7546, 5, 2760546620
952, 2168621161, 14372, 6234, 953, 6238, 6210, 4, None
953, 6871430122, 14038, 6234, 954, 6238, 6210, 4, None
954, 584013085, 13648, 6214, 955, 6218, 6192, 3, None
955, 983060327, 13644, 6234, 956, 6238, 6210, 4, None
956, 98769549, 13606, 6234, 957, 6238, 6210, 4, None
957, 615713127, 14158, 6214, 958, 6218, 6192, 3, None
958, 3482614473, 14427, 6234, 959, 6238, 6210, 4, 3482611598
959, 2029593077, 14453, 6234, 960, 6238, 6210, 4, None
960, 519739129, 14216, 6234, 961, 6238, 6210, 4, 519736248
961, 3089265989, 14382, 6234, 962, 6238, 6210, 4, None
962, 1285508170, 14146, 6234, 963, 6238, 6210, 4, None
963, 3559482657, 14166, 6234, 964, 6238, 6210, 4, None
964, 4392746287, 14453, 7558, 965, 7558, 7546, 5, None
965, 6095560723, 14564, 6234, 966, 6238, 6210, 4, None
966, 2354419152, 14054, 6234, 967, 6238, 6210, 4, None
967, 13391484424, 14686, 6234, 968, 6238, 6210, 4, 13391481512
968, 3129801229, 14684, 6234, 969, 6238, 6210, 4, None
969, 3090930348, 14355, 6234, 970, 6238, 6210, 4, None
970, 2121654215, 14302, 6214, 971, 6218, 6192, 3, None
971, 456296790, 13766, 8822, 973, 8828, 8806, 7, None
972, 632234410, 14462, 6234, 973, 6238, 6210, 4, None
973, 483739541, 14461, 8822, 975, 8828, 8806, 7, None
974, 596107075, 14746, 8822, 1955, 8830, 8786, 11, None
975, 12648126122, 14966, 7558, 976, 7558, 7546, 5, None
976, 1171827956, 14156, 6234, 977, 6238, 6210, 4, None
977, 1013016026, 14642, 6214, 978, 6218, 6192, 3, None
978, 2008237196, 14788, 6214, 979, 6218, 6192, 3, None
979, 448654206, 13986, 8822, 1965, 8830, 8786, 11, None
980, 4142366297, 14774, 6234, 981, 6238, 6210, 4, None
981, 928995096, 14917, 5158, 982, 5158, 5130, 5, None
982, 580916887, 14483, 6234, 983, 6238, 6210, 4, None
983, 1395856364, 14126, 6214, 984, 6218, 6192, 3, None
984, 2764500902, 14538, 8822, 986, 8828, 8806, 7, None
985, 165030606, 14086, 6234, 986, 6238, 6210, 4, None
986, 4151469238, 14738, 6234, 987, 6238, 6210, 4, None
987, 81572743, 13945, 6234, 988, 6238, 6210, 4, None
988, 996090428, 14459, 6234, 989, 6238, 6210, 4, 996087462
989, 663776041, 14542, 8822, 1985, 8830, 8786, 11, None
990, 870476334, 14886, 6238, 991, 6238, 6210, 4, 870473362
991, 1280522653, 14451, 8822, 1990, 8830, 8786, 11, None
992, 8782150009, 14838, 8822, 994, 8828, 8806, 7, None
993, 515520571, 15076, 6234, 994, 6238, 6210, 4, None
994, 1984197257, 14431, 6214, 995, 6218, 6192, 3, None
995, 2613319303, 14730, 8826, 1997, 8830, 8786, 11, None
996, 6376078297, 14914, 8826, 1999, 8830, 8786, 11, None
997, 3397801750, 15298, 8822, 999, 8828, 8806, 7, None
998, 3611127363, 15021, 8822, 1000, 8828, 8806, 7, None
999, 724288648, 14298, 8826, 2005, 8830, 8786, 11, None
1000, 4321033596, 14954, 6234, 1001, 6238, 6210, 4, 4321030595
1001, 1395424719, 15802, 8822, 2010, 8830, 8786, 11, None
1002, 1617013374, 14684, 8826, 2011, 8830, 8786, 11, None
1003, 692958858, 15114, 8822, 1005, 8828, 8806, 7, None
1004, 4631524166, 15578, 8822, 1006, 8828, 8806, 7, None
1005, 468420365, 14447, 8826, 2018, 8830, 8786, 11, None
1006, 4105491238, 14578, 8822, 1008, 8828, 8806, 7, None
1007, 42472364, 13614, 6234, 1008, 6238, 6210, 4, None
1008, 5649808250, 14893, 6214, 1009, 6218, 6192, 3, None
1009, 5684326578, 14920, 8826, 2026, 8830, 8786, 11, None
1010, 25365521, 13220, 8822, 1012, 8828, 8806, 7, None
1011, 1176048607, 15391, 8826, 2030, 8830, 8786, 11, None
1012, 294047389, 14386, 8826, 2031, 8830, 8786, 11, None
1013, 101479362, 14930, 8826, 2033, 8830, 8786, 11, None
1014, 150334482, 14218, 8826, 2036, 8830, 8786, 11, None
1015, 266556536, 13924, 8822, 1017, 8828, 8806, 7, None
1016, 1076662808, 14457, 6234, 1017, 6238, 6210, 4, None
1017, 2824435442, 15112, 8826, 2042, 8830, 8786, 11, None
1018, 2826841478, 15398, 8826, 2044, 8830, 8786, 11, None
1019, 5588488, 14253, 8826, 2046, 8830, 8786, 11, None
1020, 579457084, 14266, 8826, 2047, 8830, 8786, 11, None
1021, 3213998752, 14702, 6214, 1022, 6218, 6192, 3, None
1022, 365822735, 14854, 8822, 1024, 8828, 8806, 7, 365660624
1023, 401075717, 14318, 8822, 1025, 8828, 8806, 7, None
1024, 335041021, 14869, 8822, 1026, 8828, 8806, 7, None
1025, 632297233, 14202, 8822, 1027, 8828, 8806, 7, None
1026, 526962314, 14447, 8826, 2060, 8830, 8786, 11, None
1027, 3255006539, 14900, 8826, 2061, 8830, 8786, 11, None
1028, 35203276, 13990, 8826, 2063, 8830, 8786, 11, None
1029, 216840927, 14570, 6238, 1030, 6238, 6210, 4, None
1030, 1183185007, 14822, 8826, 2068, 8830, 8786, 11, None
1031, 4608652, 13620, 6238, 1032, 6238, 6210, 4, None
1032, 917322773, 14838, 8826, 2072, 8830, 8786, 11, None
1033, 607358905, 14614, 8822, 1035, 8828, 8806, 7, None
1034, 533073942, 14702, 8826, 2076, 8830, 8786, 11, None
1035, 2599537533, 15730, 8822, 1037, 8828, 8806, 7, None
1036, 496999947, 15258, 8822, 1038, 8828, 8806, 7, None
1037, 24574228, 13939, 6238, 1038, 6238, 6210, 4, None
1038, 2579741414, 15130, 8822, 1040, 8828, 8806, 7, None
1039, 1635106513, 15122, 8826, 2085, 8830, 8786, 11, None
1040, 63705885, 13966, 6238, 1041, 6238, 6210, 4, None
1041, 929959751, 14866, 8826, 2089, 8830, 8786, 11, None
1042, 997671606, 14868, 8822, 1044, 8828, 8806, 7, None
1043, 111744479, 14116, 8826, 2093, 8830, 8786, 11, None
1044, 722125011, 14548, 8826, 2096, 8830, 8786, 11, None
1045, 547483225, 14862, 8822, 1047, 8828, 8806, 7, None
1046, 200991955, 14491, 8822, 1048, 8828, 8806, 7, None
1047, 559508096, 14538, 8822, 1049, 8828, 8806, 7, None
1048, 634642735, 15018, 8826, 2104, 8830, 8786, 11, None
1049, 141269454, 14457, 8826, 2105, 8830, 8786, 11, None
1050, 491538864, 14842, 8822, 1052, 8828, 8806, 7, None
1051, 122103306, 14836, 8826, 2110, 8830, 8786, 11, None
1052, 333600135, 15238, 8822, 1054, 8828, 8806, 7, None
1053, 1084504609, 14966, 8826, 2114, 8830, 8786, 11, None
1054, 328383153, 14822, 8822, 1056, 8828, 8806, 7, None
1055, 617922266, 14738, 8826, 2117, 8830, 8786, 11, None
1056, 599917058, 15086, 8826, 2119, 8830, 8786, 11, None
1057, 57832625, 14298, 8822, 1059, 8828, 8806, 7, 57444468
1058, 34705522, 13982, 8826, 2123, 8830, 8786, 11, None
1059, 328650027, 15396, 8822, 1061, 8828, 8806, 7, None
1060, 155353770, 15050, 8498, 2125, 8534, 8474, 12, None
1061, 1102710823, 15278, 8826, 2130, 8830, 8786, 11, None
1062, 214074865, 14871, 8530, 17045, 8578, 8480, 39, None
1063, 211712812, 15102, 8498, 2129, 8530, 8494, 9, None
1064, 1163100974, 15593, 8826, 2135, 8830, 8786, 11, None
1065, 28399113, 15242, 6218, 1066, 6218, 6192, 3, None
1066, 100498709, 15146, 8534, 5339, 8572, 8514, 20, None
1067, 341124142, 15391, 8822, 1069, 8828, 8806, 7, None
1068, 51707302, 15330, 8570, 1071, 8574, 8540, 7, None
1069, 159519796, 15034, 8826, 2146, 8830, 8786, 11, None
1070, 365838719, 15122, 8822, 1072, 8828, 8806, 7, None
1071, 257619837, 15306, 8562, 1072, 8566, 8554, 4, None
1072, 997452914, 15430, 8826, 2152, 8830, 8786, 11, None
1073, 127949724, 15467, 8822, 1075, 8828, 8806, 7, None
1074, 726558187, 15138, 8634, 1077, 8634, 8608, 8, None
1075, 41447204, 14622, 8630, 4305, 8654, 8604, 12, None
1076, 937291127, 15391, 6238, 1077, 6238, 6210, 4, None
1077, 196457691, 14780, 8826, 2162, 8830, 8786, 11, None
1078, 365984771, 15116, 8826, 2164, 8830, 8786, 11, None
1079, 41271712, 14302, 8826, 2165, 8830, 8786, 11, None
1080, 705379247, 15508, 8826, 2168, 8830, 8786, 11, None
1081, 439558614, 15422, 8822, 1083, 8828, 8806, 7, None
1082, 307076279, 14836, 8718, 65037, 8830, 8626, 91, None
1083, 17071097, 14549, 8822, 1085, 8828, 8806, 7, None
1084, 1016252986, 15990, 8826, 2176, 8830, 8786, 11, None
1085, 347989909, 15122, 8822, 1087, 8828, 8806, 7, None
1086, 139913903, 14787, 8728, 1087, 8728, 8700, 3, None
1087, 10634091, 13931, 8826, 2182, 8830, 8786, 11, None
1088, 251923475, 15306, 8822, 1090, 8828, 8806, 7, None
1089, 351329195, 14894, 8826, 2186, 8830, 8786, 11, None
1090, 161288511, 14908, 8826, 2188, 8830, 8786, 11, None
1091, 790921046, 15274, 6238, 1092, 6238, 6210, 4, None
1092, 1544670624, 15380, 8826, 2192, 8830, 8786, 11, None
1093, 309181301, 14890, 8822, 1095, 8828, 8806, 7, None
1094, 980841549, 15326, 8822, 1096, 8828, 8806, 7, None
1095, 11691323, 14236, 8826, 2197, 8830, 8786, 11, None
1096, 4639982727, 15542, 8826, 2200, 8830, 8786, 11, None
1097, 850950914, 15474, 8826, 1101, 8834, 8786, 11, None
1098, 238624360, 15162, 8826, 2203, 8830, 8786, 11, None
1099, 1178633264, 15298, 8826, 1103, 8830, 8786, 8, None
1100, 3078229360, 15931, 7558, 1101, 7558, 7546, 5, 3078225865
1101, 1833107544, 15404, 9032, 1102, 9032, 9028, 2, 1833104240
1102, 86914677, 15698, 8824, 2206, 8828, 8814, 5, None
1103, 439261691, 15336, 8824, 1, 8824, 8824, 1, 439259484
1104, 3076848969, 16316, 8872, 1105, 8872, 8868, 2, 3076845651
1105, 1297633054, 15945, 6238, 1106, 6238, 6210, 4, None
1106, 2138913983, 15802, 6238, 1107, 6238, 6210, 4, None
1107, 1445039309, 15452, 8872, 1108, 8872, 8868, 2, 1445035987
1108, 2757723188, 16246, 8872, 1109, 8872, 8868, 2, 2757719863
1109, 2788206437, 15971, 6238, 1110, 6238, 6210, 4, 2788203108
1110, 717651701, 15970, 8958, 2227, 8958, 8906, 16, None
1111, 11987478164, 16738, 6238, 1112, 6238, 6210, 4, 11987474830
1112, 7528424836, 16438, 8958, 2231, 8958, 8906, 16, None
1113, 12079202326, 16924, 8958, 2234, 9004, 8922, 20, None
1114, 634770809, 15541, 9402, 1115, 9406, 9394, 4, None
1115, 8942837195, 16388, 6218, 1116, 6218, 6192, 3, None
1116, 717257459, 15538, 6238, 1117, 6238, 6210, 4, None
1117, 2280614230, 15706, 8936, 1, 8936, 8936, 1, 2280611995
1118, 739827892, 16286, 6238, 1119, 6238, 6210, 4, None
1119, 5793413180, 16446, 6238, 1120, 6238, 6210, 4, None
1120, 3603188487, 16768, 6238, 1121, 6238, 6210, 4, None
1121, 1660082570, 15758, 9058, 3371, 9076, 9036, 16, None
1122, 485036915, 15874, 6238, 1123, 6238, 6210, 4, None
1123, 20098813886, 16922, 6238, 1124, 6238, 6210, 4, None
1124, 4518049261, 16173, 6238, 1125, 6238, 6210, 4, None
1125, 3103186640, 16718, 6238, 1126, 6238, 6210, 4, None
1126, 2322826024, 16393, 9402, 1127, 9406, 9394, 4, None
1127, 3635891735, 16108, 9402, 1128, 9406, 9394, 4, None
1128, 1142554393, 15971, 7558, 1129, 7558, 7546, 5, None
1129, 2413290151, 16888, 9074, 1133, 9076, 9042, 10, None
1130, 18185601920, 16706, 7554, 1131, 7558, 7546, 5, None
1131, 182413128, 15866, 6238, 1132, 6238, 6210, 4, None
1132, 2096960484, 15989, 6238, 1133, 6238, 6210, 4, None
1133, 3620902430, 16694, 6238, 1134, 6238, 6210, 4, None
1134, 1228703582, 16399, 6238, 1135, 6238, 6210, 4, None
1135, 14927104636, 16993, 7554, 1136, 7558, 7546, 5, 14927101224
1136, 5954035629, 16902, 6238, 1137, 6238, 6210, 4, None
1137, 8794553189, 16900, 7558, 1138, 7558, 7546, 5, 8794549768
1138, 4665446640, 16634, 9402, 1139, 9406, 9394, 4, None
1139, 15173331208, 16972, 7558, 1140, 7558, 7546, 5, 15173327654
1140, 4534606570, 16870, 9402, 1141, 9406, 9394, 4, 4534603149
1141, 15155979617, 17104, 9402, 1142, 9406, 9394, 4, None
1142, 10359429815, 16886, 6238, 1143, 6238, 6210, 4, None
1143, 8819690493, 16406, 9402, 1144, 9406, 9394, 4, None
1144, 6711154875, 16903, 6238, 1145, 6238, 6210, 4, None
1145, 8123680692, 17461, 9402, 1146, 9406, 9394, 4, None
1146, 3399965523, 16462, 6238, 1147, 6238, 6210, 4, None
1147, 5065813190, 16508, 9402, 1148, 9406, 9394, 4, None
1148, 11583346245, 17264, 7558, 1149, 7558, 7546, 5, None
1149, 326452594, 16634, 7558, 1150, 7558, 7546, 5, None
1150, 645012548, 16496, 9402, 1151, 9406, 9394, 4, None
1151, 244464491, 15755, 9402, 1152, 9406, 9394, 4, None
1152, 3752804277, 16716, 9402, 1153, 9406, 9394, 4, None
1153, 15938334644, 17312, 9402, 1154, 9406, 9394, 4, None
1154, 8339101947, 16888, 9402, 1155, 9406, 9394, 4, None
1155, 749595007, 15909, 6238, 1156, 6238, 6210, 4, None
1156, 531501170, 16286, 9402, 1157, 9406, 9394, 4, 531497701
1157, 300903206, 15966, 9402, 1158, 9406, 9394, 4, None
1158, 1940703763, 16958, 7558, 1159, 7558, 7546, 5, 1940700033
1159, 1128651887, 17146, 9402, 1160, 9406, 9394, 4, None
1160, 263815595, 16634, 9478, 1172, 9482, 9328, 31, None
1161, 7471248967, 17126, 6238, 1162, 6238, 6210, 4, 7471245482
1162, 3895482708, 16924, 6238, 1163, 6238, 6210, 4, None
1163, 588396132, 16914, 6218, 1164, 6218, 6192, 3, None
1164, 420272508, 16222, 9402, 1165, 9406, 9394, 4, None
1165, 3196294340, 16556, 9402, 1166, 9406, 9394, 4, None
1166, 3193381773, 16923, 9398, 15196, 9546, 9324, 79, None
1167, 6131203026, 17473, 9402, 1168, 9406, 9394, 4, None
1168, 7202464739, 17436, 9402, 1169, 9406, 9394, 4, None
1169, 2072704603, 17398, 9402, 1170, 9406, 9394, 4, None
1170, 435880296, 16222, 9354, 1171, 9358, 9354, 3, None
1171, 394097638, 17012, 6238, 1172, 6238, 6210, 4, None
1172, 5353953780, 17218, 9402, 1173, 9406, 9394, 4, 5353950221
1173, 720313267, 16496, 9402, 1174, 9406, 9394, 4, None
1174, 3731152559, 16886, 7554, 1175, 7558, 7546, 5, 3731149007
1175, 4088502690, 17518, 9402, 1176, 9406, 9394, 4, None
1176, 2407733337, 17466, 6238, 1177, 6238, 6210, 4, None
1177, 27927997710, 18298, 6218, 1178, 6218, 6192, 3, None
1178, 3777091221, 17026, 9402, 1179, 9406, 9394, 4, None
1179, 20845047769, 18206, 6238, 1180, 6238, 6210, 4, None
1180, 8867511892, 17502, 9402, 1181, 9406, 9394, 4, None
1181, 13640411263, 18484, 7558, 1182, 7558, 7546, 5, 13640407619
1182, 20517382804, 17474, 7558, 1183, 7558, 7546, 5, None
1183, 9243919626, 17549, 9402, 1184, 9406, 9394, 4, None
1184, 2725604069, 17474, 9402, 1185, 9406, 9394, 4, None
1185, 13672662978, 17548, 9670, 1188, 9674, 9600, 9, None
1186, 2286959380, 17084, 6238, 1187, 6238, 6210, 4, None
1187, 993471219, 16922, 7558, 1188, 7558, 7546, 5, 993467356
1188, 7950021323, 17095, 9402, 1189, 9406, 9394, 4, None
1189, 4135210000, 18248, 9402, 1190, 9406, 9394, 4, None
1190, 1764090938, 17254, 6238, 1191, 6238, 6210, 4, None
1191, 23642296182, 17642, 7558, 1192, 7558, 7546, 5, 23642292511
1192, 29080504230, 18652, 9670, 3589, 9674, 9576, 32, None
1193, 7359171113, 17470, 7554, 1194, 7558, 7546, 5, None
1194, 4891389181, 17810, 9402, 1195, 9406, 9394, 4, None
1195, 411107978, 17086, 9402, 1196, 9406, 9394, 4, None
1196, 2430492343, 17146, 7558, 1197, 7558, 7546, 5, None
1197, 2360246427, 17461, 6238, 1198, 6238, 6210, 4, None
1198, 6201986445, 17465, 7558, 1199, 7558, 7546, 5, 6201982842
1199, 3708327569, 17344, 7558, 1200, 7558, 7546, 5, None
1200, 13474550583, 17494, 9406, 1201, 9406, 9394, 4, None
1201, 17056118, 16426, 9402, 1202, 9406, 9394, 4, None
1202, 5683965092, 17639, 9670, 9636, 9682, 9608, 28, None
1203, 1830767553, 17642, 7558, 1204, 7558, 7546, 5, 1830763905
1204, 29206885802, 17996, 9402, 1205, 9406, 9394, 4, None
1205, 6101291501, 17476, 9402, 1206, 9406, 9394, 4, None
1206, 9958725445, 18398, 9402, 1207, 9406, 9394, 4, None
1207, 6755279030, 17474, 9402, 1208, 9406, 9394, 4, None
1208, 711093782, 16942, 9402, 1209, 9406, 9394, 4, None
1209, 17277137172, 17554, 6238, 1210, 6238, 6210, 4, None
1210, 1155545981, 18118, 9402, 1211, 9406, 9394, 4, None
1211, 16968542036, 18338, 9402, 1212, 9406, 9394, 4, None
1212, 24446737173, 18258, 7558, 1213, 7558, 7546, 5, None
1213, 1833484864, 17463, 6238, 1214, 6238, 6210, 4, None
1214, 13799452821, 17491, 7558, 1215, 7558, 7546, 5, None
1215, 881227146, 17086, 9402, 1216, 9406, 9394, 4, None
1216, 3614781269, 17414, 9402, 1217, 9406, 9394, 4, None
1217, 162723483, 16718, 7558, 1218, 7558, 7546, 5, 162719736
1218, 14266579192, 18402, 7558, 1219, 7558, 7546, 5, None
1219, 683927535, 17132, 6238, 1220, 6238, 6210, 4, None
1220, 3564881076, 17474, 9402, 1221, 9406, 9394, 4, None
1221, 15376980752, 19444, 9402, 1222, 9406, 9394, 4, None
1222, 4709540624, 17594, 9402, 1223, 9406, 9394, 4, None
1223, 6809917181, 17602, 6729, 1224, 6729, 6723, 4, None
1224, 1365527370, 17439, 9402, 1225, 9406, 9394, 4, None
1225, 7493762870, 17904, 9402, 1226, 9406, 9394, 4, None
1226, 51664223056, 18796, 6238, 1227, 6238, 6210, 4, None
1227, 1927305152, 17474, 9402, 1228, 9406, 9394, 4, None
1228, 20477332509, 18008, 9402, 1229, 9406, 9394, 4, None
1229, 23322221354, 18366, 9402, 1230, 9406, 9394, 4, None
1230, 1293826366, 17148, 9402, 1231, 9406, 9394, 4, None
1231, 228984091, 17471, 9402, 1232, 9406, 9394, 4, None
1232, 11140010253, 18726, 7558, 1233, 7558, 7546, 5, None
1233, 22155824756, 18794, 9402, 1234, 9406, 9394, 4, None
1234, 9332241157, 17890, 9402, 1235, 9406, 9394, 4, None
1235, 2918409170, 17642, 9402, 1236, 9406, 9394, 4, None
1236, 32974946784, 18310, 9406, 1237, 9406, 9394, 4, None
1237, 15084571357, 18596, 7558, 1238, 7558, 7546, 5, None
1238, 18357899279, 18310, 7558, 1239, 7558, 7546, 5, 18357895531
1239, 57642900093, 19062, 9402, 1240, 9406, 9394, 4, None
1240, 2362726441, 17746, 7558, 1241, 7558, 7546, 5, 2362722677
1241, 9066150130, 18556, 10258, 1242, 10258, 10250, 3, None
1242, 8305431048, 17961, 10198, 2652639781, 17594, 5230, 11957, None
1243, 24496048131, 18604, 9402, 1244, 9406, 9394, 4, None
1244, 19512273156, 18856, 10198, 10962561104, 18856, 5336, 12597, None
1245, 1240866433, 17879, 10194, 651513377, 17879, 5410, 11528, None
1246, 1660792291, 17396, 10194, 309832, 11156, 9646, 857, None
1247, 2842315341, 18399, 10198, 2661667448, 18399, 5306, 12273, None
1248, 2986399987, 17704, 7558, 1249, 7558, 7546, 5, 2986396232
1249, 92968212, 16864, 10194, 1589755, 11034, 9522, 1112, None
1250, 1919330334, 18402, 10194, 612697, 10522, 9882, 294, None
1251, 2009593141, 17957, 10194, 1392839, 10538, 9966, 253, None
1252, 2299868295, 18182, 10194, 87880, 10334, 10024, 132, None
1253, 4205880932, 18556, 10194, 635530, 10390, 10010, 176, None
1254, 903842514, 17188, 10194, 606836, 10562, 10044, 189, None
1255, 918436828, 17549, 10194, 91795, 10330, 10044, 126, None
1256, 323204536, 17284, 10194, 40286, 10248, 10044, 88, None
1257, 40432788, 16911, 10194, 686936, 10398, 10058, 111, None
1258, 213749861, 17463, 10194, 358904, 10326, 10066, 87, None
1259, 51245555, 16868, 10126, 2525, 10196, 10098, 25, None
1260, 550536058, 17398, 10130, 3793, 10196, 10086, 26, None
1261, 490359913, 17482, 10194, 10120, 10196, 10088, 39, None
1262, 1639510775, 17522, 7558, 1263, 7558, 7546, 5, None
1263, 7679128, 16784, 9402, 1264, 9406, 9394, 4, None
1264, 28949086, 16714, 10194, 11406, 10238, 10104, 45, None
1265, 3917925736, 18056, 10194, 1272, 10196, 10130, 13, None
1266, 1351339921, 18290, 10186, 16495, 10262, 10110, 51, None
1267, 3497895395, 18378, 10194, 5079, 10262, 10146, 27, None
1268, 338945691, 17510, 10194, 654818, 10262, 10138, 39, None
1269, 408906959, 17546, 10194, 647703, 10214, 10136, 28, None
1270, 79968839, 16982, 10310, 5088, 10326, 10260, 20, None
1271, 4227080316, 18880, 10194, 1273, 10196, 10166, 5, None
1272, 577511385, 18196, 10194, 1616711, 10262, 10160, 25, None
1273, 3236936308, 18142, 10258, 1274, 10258, 10250, 3, None
1274, 1626280870, 18118, 10194, 2551, 10202, 10184, 7, None
1275, 6039081251, 19010, 10194, 2553, 10202, 10184, 7, None
1276, 622042128, 18229, 10194, 1277, 10198, 10194, 3, None
1277, 510114649, 17474, 10194, 1278, 10198, 10194, 3, None
1278, 2234426113, 18838, 10258, 1279, 10258, 10250, 3, None
1279, 649235554, 17966, 9402, 1280, 9406, 9394, 4, None
1280, 372420710, 17463, 10258, 1281, 10258, 10250, 3, None
1281, 5169663060, 18734, 9406, 1282, 9406, 9394, 4, None
1282, 9651531791, 18618, 10286, 3851, 10322, 10266, 13, None
1283, 8646821058, 18509, 10286, 3854, 10322, 10266, 12, None
1284, 727019328, 18118, 10322, 2574, 10354, 10278, 16, None
1285, 3951884893, 18509, 9406, 1286, 9406, 9394, 4, None
1286, 1963125717, 17961, 10312, 3863, 10354, 10288, 9, None
1287, 3588076317, 18146, 10194, 1288, 10198, 10194, 3, None
1288, 891902696, 17634, 10312, 1289, 10312, 10308, 2, 891898831
1289, 14652355357, 18862, 9402, 1290, 9406, 9394, 4, None
1290, 5265949461, 19282, 10354, 1292, 10354, 10320, 4, None
1291, 4180785143, 18902, 10328, 1, 10328, 10328, 1, 4180782560
1292, 2629676472, 18758, 9402, 1293, 9406, 9394, 4, None
1293, 831431069, 18508, 10438, 1294, 10438, 10430, 3, None
1294, 1104087428, 19022, 10438, 1295, 10438, 10430, 3, None
1295, 125802037, 17746, 10438, 1296, 10438, 10430, 3, None
1296, 2191179497, 18614, 6238, 1297, 6238, 6210, 4, None
1297, 183697583, 17461, 10438, 1298, 10438, 10430, 3, None
1298, 18736520433, 19670, 10438, 1299, 10438, 10430, 3, None
1299, 2363458603, 18451, 7558, 1300, 7558, 7546, 5, 2363454693
1300, 4982732996, 18724, 10438, 1301, 10438, 10430, 3, None
1301, 298793637, 18442, 10438, 1302, 10438, 10430, 3, None
1302, 8819599153, 19310, 10438, 1303, 10438, 10430, 3, None
1303, 2167857847, 18362, 10438, 1304, 10438, 10430, 3, None
1304, 6705837465, 19831, 10482, 69223, 10598, 10428, 74, None
1305, 640088683, 17788, 9402, 1306, 9406, 9394, 4, None
1306, 2529455672, 18482, 9402, 1307, 9406, 9394, 4, None
1307, 529364346, 18917, 10514, 10473, 10558, 10450, 39, None
1308, 5762564445, 19174, 10514, 5243, 10534, 10470, 20, None
1309, 3727174992, 19454, 10534, 1311, 10534, 10488, 5, None
1310, 712981045, 18570, 10534, 2626, 10534, 10480, 12, None
1311, 1908134355, 18714, 10534, 1313, 10534, 10488, 4, None
1312, 3039866384, 19637, 10534, 10518, 10598, 10488, 39, None
1313, 4842792934, 19024, 10194, 1314, 10198, 10194, 3, None
1314, 16513326995, 19653, 7558, 1315, 7558, 7546, 5, None
1315, 50660523876, 19808, 9402, 1316, 9406, 9394, 4, None
1316, 2941215267, 18958, 10194, 1317, 10198, 10194, 3, None
1317, 135799242, 18606, 10194, 2637, 10202, 10184, 7, None
1318, 1750989888, 18520, 9402, 1319, 9406, 9394, 4, None
1319, 13774374286, 19094, 7558, 1320, 7558, 7546, 5, None
1320, 36973641826, 20120, 10194, 2643, 10202, 10184, 7, None
1321, 67258711623, 19644, 9402, 1322, 9406, 9394, 4, None
1322, 10030193557, 19079, 9402, 1323, 9406, 9394, 4, None
1323, 16882524174, 19330, 7558, 1324, 7558, 7546, 5, None
1324, 14016684181, 19134, 10194, 2651, 10202, 10184, 7, None
1325, 2230078210, 18906, 10194, 2653, 10202, 10184, 7, None
1326, 10535556379, 19660, 10194, 2655, 10202, 10184, 7, None
1327, 13185868331, 19948, 9402, 1328, 9406, 9394, 4, None
1328, 4640274892, 19490, 10194, 1330, 10202, 10180, 6, None
1329, 13869559463, 20765, 10194, 1331, 10202, 10180, 6, None
1330, 18314647893, 21234, 9406, 1331, 9406, 9394, 4, None
1331, 17294268292, 20408, 10194, 2665, 10202, 10184, 7, None
1332, 49763196699, 20158, 6729, 1333, 6729, 6723, 4, None
1333, 53213653658, 20274, 10194, 1334, 10198, 10194, 3, None
1334, 10270715688, 19718, 10186, 1339, 10198, 10120, 18, None
1335, 27339693688, 20162, 10194, 1337, 10202, 10180, 6, None
1336, 12122114726, 19714, 10194, 2675, 10202, 10184, 7, None
1337, 10795828189, 19806, 9402, 1338, 9406, 9394, 4, None
1338, 7210054441, 19447, 9402, 1339, 9406, 9394, 4, None
1339, 150651517, 18346, 9402, 1340, 9406, 9394, 4, 150647477
1340, 120559751, 18343, 9402, 1341, 9406, 9394, 4, None
1341, 7562511051, 19382, 10194, 2685, 10202, 10184, 7, None
1342, 609158409, 19186, 9402, 1343, 9406, 9394, 4, None
1343, 1598066221, 18840, 9402, 1344, 9406, 9394, 4, None
1344, 8292427506, 19868, 9402, 1345, 9406, 9394, 4, None
1345, 12737067588, 19273, 9402, 1346, 9406, 9394, 4, None
1346, 1222511144, 19444, 10194, 2695, 10202, 10184, 7, None
1347, 31265479794, 20060, 9402, 1348, 9406, 9394, 4, None
1348, 873328245, 19438, 10194, 2699, 10202, 10184, 7, None
1349, 5096404522, 19876, 10194, 1350, 10198, 10194, 3, None
1350, 1438464172, 19022, 7558, 1351, 7558, 7546, 5, 1438460094
1351, 40336053071, 19764, 10194, 2705, 10202, 10184, 7, None
1352, 11411403910, 20632, 9402, 1353, 9406, 9394, 4, 11411399851
1353, 800003501, 19442, 10186, 1358, 10198, 10120, 18, None
1354, 4139697512, 19490, 9402, 1355, 9406, 9394, 4, None
1355, 10395740542, 19934, 10930, 1357, 10930, 10906, 6, None
1356, 15540091371, 20788, 9402, 1357, 9406, 9394, 4, None
1357, 30550520852, 20630, 7558, 1358, 7558, 7546, 5, 30550516724
1358, 49391679286, 20656, 6729, 1359, 6729, 6723, 4, None
1359, 8361453657, 20634, 10194, 2721, 10202, 10184, 7, None
1360, 2750038639, 19641, 9406, 1361, 9406, 9394, 4, None
1361, 5102214016, 19496, 9402, 1362, 9406, 9394, 4, None
1362, 1681571659, 19732, 9402, 1363, 9406, 9394, 4, None
1363, 47472046971, 20380, 9406, 1364, 9406, 9394, 4, None
1364, 5629622174, 19802, 9402, 1365, 9406, 9394, 4, None
1365, 1963198919, 19510, 9406, 1366, 9406, 9394, 4, None
1366, 604194720, 19022, 10194, 1367, 10198, 10194, 3, None
1367, 10128859655, 20012, 10186, 1372, 10198, 10120, 18, None
1368, 53544647444, 20396, 9406, 1369, 9406, 9394, 4, 53544643339
1369, 21329853021, 20498, 9402, 1370, 9406, 9394, 4, None
1370, 13830793802, 20666, 9406, 1371, 9406, 9394, 4, None
1371, 5711025996, 20704, 9402, 1372, 9406, 9394, 4, None
1372, 50585118113, 20724, 10194, 2747, 10202, 10184, 7, None
1373, 24319765999, 20326, 9406, 1374, 9406, 9394, 4, None
1374, 8548467178, 20186, 9406, 1375, 9406, 9394, 4, None
1375, 5990131372, 20091, 9406, 1376, 9406, 9394, 4, None
1376, 14439007848, 20782, 9406, 1377, 9406, 9394, 4, None
1377, 36295946092, 20782, 10194, 2757, 10202, 10184, 7, None
1378, 47241352595, 20326, 9406, 1379, 9406, 9394, 4, None
1379, 15247484308, 19663, 10194, 2761, 10202, 10184, 7, None
1380, 4453913813, 19682, 9402, 1381, 9406, 9394, 4, None
1381, 23960505171, 20362, 10194, 1382, 10198, 10194, 3, None
1382, 13613652500, 20018, 10194, 2767, 10202, 10184, 7, None
1383, 19759323130, 20326, 10194, 2769, 10202, 10184, 7, None
1384, 17446358305, 19876, 7558, 1385, 7558, 7546, 5, 17446354109
1385, 18483256332, 20765, 10194, 1387, 10202, 10180, 6, None
1386, 4014408729, 19678, 9406, 1387, 9406, 9394, 4, None
1387, 17330186481, 20392, 10194, 2777, 10202, 10184, 7, None
1388, 89814760622, 20850, 9402, 1389, 9406, 9394, 4, None
1389, 14563298222, 20318, 9402, 1390, 9406, 9394, 4, None
1390, 6289198472, 19711, 10194, 1392, 10202, 10180, 6, None
1391, 28456723315, 20238, 7558, 1392, 7558, 7546, 5, 28456719133
1392, 13071272334, 20236, 10194, 2787, 10202, 10184, 7, None
1393, 13173006445, 19952, 9406, 1394, 9406, 9394, 4, None
1394, 1755335398, 19802, 10194, 1395, 10198, 10194, 3, 1755330981
1395, 86023738995, 21212, 9406, 1396, 9406, 9394, 4, None
1396, 28991369275, 20990, 7558, 1397, 7558, 7546, 5, 28991365079
1397, 24829259783, 21234, 9406, 1398, 9406, 9394, 4, None
1398, 35266654040, 21270, 9406, 1399, 9406, 9394, 4, None
1399, 65988933020, 21418, 10194, 2801, 10202, 10184, 7, None
1400, 1684126878, 20614, 10194, 1402, 10202, 10180, 6, None
1401, 49858700370, 20918, 9402, 1402, 9406, 9394, 4, None
1402, 639145245, 19270, 10194, 1403, 10198, 10194, 3, None
1403, 17164194922, 20170, 6729, 1404, 6729, 6723, 4, None
1404, 3636345657, 20198, 9406, 1405, 9406, 9394, 4, None
1405, 31450749225, 21822, 10194, 1407, 10202, 10180, 6, None
1406, 80792754778, 21418, 9406, 1407, 9406, 9394, 4, None
1407, 40437963552, 21106, 9406, 1408, 9406, 9394, 4, None
1408, 15262380519, 20372, 9402, 1409, 9406, 9394, 4, 15262376292
1409, 17450014255, 21558, 10194, 1410, 10198, 10194, 3, None
1410, 38997893438, 20948, 7558, 1411, 7558, 7546, 5, None
1411, 12062631395, 20784, 9406, 1412, 9406, 9394, 4, None
1412, 46787680779, 21578, 10194, 1413, 10198, 10194, 3, None
1413, 55392520160, 21176, 9406, 1414, 9406, 9394, 4, None
1414, 16226382603, 21282, 10194, 2831, 10202, 10184, 7, None
1415, 4358276663, 20765, 7558, 1416, 7558, 7546, 5, 4358272378
1416, 41109598355, 21757, 9402, 1417, 9406, 9394, 4, None
1417, 4870528385, 20690, 6729, 1418, 6729, 6723, 4, None
1418, 2562218316, 20786, 10194, 1419, 10198, 10194, 3, None
1419, 30581317946, 20838, 9406, 1420, 9406, 9394, 4, 30581313688
1420, 19328802352, 20884, 9406, 1421, 9406, 9394, 4, None
1421, 14721073401, 20282, 9406, 1422, 9406, 9394, 4, None
1422, 71355472969, 21786, 9406, 1423, 9406, 9394, 4, None
1423, 1287251321, 19786, 10194, 2849, 10202, 10184, 7, None
1424, 17662502356, 20830, 9402, 1425, 9406, 9394, 4, None
1425, 55609688074, 21072, 9406, 1426, 9406, 9394, 4, None
1426, 2520149974, 20236, 9406, 1427, 9406, 9394, 4, None
1427, 26881841496, 21434, 9402, 1428, 9406, 9394, 4, None
1428, 4673933504, 20666, 9406, 1429, 9406, 9394, 4, None
1429, 53349064350, 21782, 10194, 2861, 10202, 10184, 7, None
1430, 36711443865, 20875, 9402, 1431, 9406, 9394, 4, None
1431, 9906717871, 20422, 10194, 2865, 10202, 10184, 7, None
1432, 89291882530, 22370, 9406, 1433, 9406, 9394, 4, None
1433, 54298111199, 21914, 9406, 1434, 9406, 9394, 4, None
1434, 16558206077, 21292, 7094, 1437, 7094, 7060, 11, None
1435, 50741755942, 21136, 6729, 1436, 6729, 6723, 4, None
1436, 83007168825, 21826, 9406, 1437, 9406, 9394, 4, None
1437, 18752283609, 21582, 10194, 1438, 10198, 10194, 3, None
1438, 6946893980, 21362, 10186, 1443, 10198, 10120, 18, None
1439, 5040872690, 20773, 10194, 2881, 10202, 10184, 7, None
1440, 99325489950, 22262, 10194, 2883, 10202, 10184, 7, None
1441, 23118816610, 21426, 9406, 1442, 9406, 9394, 4, None
1442, 13733466991, 21682, 10194, 2887, 10202, 10184, 7, None
1443, 78239724086, 21292, 9406, 1444, 9406, 9394, 4, None
1444, 89530836532, 21992, 10194, 1445, 10198, 10194, 3, None
1445, 1090170113, 20146, 7558, 1446, 7558, 7546, 5, None
1446, 9769300951, 21412, 9406, 1447, 9406, 9394, 4, None
1447, 29053424195, 21309, 9406, 1448, 9406, 9394, 4, None
1448, 55900467300, 21818, 10194, 2899, 10202, 10184, 7, None
1449, 20569587941, 21374, 10194, 2901, 10202, 10184, 7, None
1450, 8851152143, 21497, 10194, 1451, 10198, 10194, 3, None
1451, 32034683659, 22546, 10194, 2905, 10202, 10184, 7, None
1452, 18664814335, 21370, 9406, 1453, 9406, 9394, 4, None
1453, 4833271228, 21697, 10194, 1454, 10198, 10194, 3, None
1454, 4823879145, 21374, 10194, 1455, 10198, 10194, 3, None
1455, 62801928652, 22562, 10194, 1457, 10202, 10180, 6, None
1456, 466353235, 20462, 10194, 1458, 10202, 10180, 6, None
1457, 28631751379, 21366, 10194, 2917, 10202, 10184, 7, None
1458, 87754992083, 22543, 9406, 1459, 9406, 9394, 4, None
1459, 5088495059, 21738, 10194, 1461, 10202, 10180, 6, None
1460, 22357714780, 21698, 10194, 1461, 10198, 10194, 3, None
1461, 24922967309, 21796, 9406, 1462, 9406, 9394, 4, None
1462, 7842302822, 20936, 10194, 2927, 10202, 10184, 7, None
1463, 1748890727, 20782, 9406, 1464, 9406, 9394, 4, 1748886337
1464, 10044805957, 21350, 10194, 2931, 10202, 10184, 7, None
1465, 86046720705, 22122, 9406, 1466, 9406, 9394, 4, None
1466, 46290067063, 21682, 10194, 2935, 10202, 10184, 7, None
1467, 97941804975, 22606, 9402, 1468, 9406, 9394, 4, None
1468, 28049015728, 23116, 10194, 1470, 10202, 10180, 6, None
1469, 57386953278, 21907, 10194, 1470, 10198, 10194, 3, None
1470, 14918004167, 21748, 10194, 1472, 10202, 10180, 6, None
1471, 17173417563, 21430, 9402, 1472, 9406, 9394, 4, None
1472, 21213557970, 23516, 10194, 1473, 10198, 10194, 3, None
1473, 125071329992, 22529, 9406, 1474, 9406, 9394, 4, None
1474, 12532885459, 21724, 9406, 1475, 9406, 9394, 4, None
1475, 39331090477, 22034, 10194, 2953, 10202, 10184, 7, None
1476, 30312712753, 22162, 9402, 1477, 9406, 9394, 4, None
1477, 3046800395, 20890, 9406, 1478, 9406, 9394, 4, 3046795956
1478, 29451537900, 22543, 9406, 1479, 9406, 9394, 4, None
1479, 1630337036, 21292, 10194, 2961, 10202, 10184, 7, None
1480, 33947711358, 22034, 10194, 2963, 10202, 10184, 7, None
1481, 45100488129, 23323, 9406, 1482, 9406, 9394, 4, None
1482, 5113505115, 21543, 10194, 1483, 10198, 10194, 3, None
1483, 13997259902, 21974, 10194, 2969, 10202, 10184, 7, None
1484, 2888478224, 21428, 9406, 1485, 9406, 9394, 4, None
1485, 36800955190, 22537, 9406, 1486, 9406, 9394, 4, 36800950734
1486, 176746682, 20422, 9406, 1487, 9406, 9394, 4, None
1487, 10571771315, 21962, 9406, 1488, 9406, 9394, 4, None
1488, 18320898734, 22450, 9406, 1489, 9406, 9394, 4, None
1489, 1475111716, 20780, 10194, 1491, 10202, 10180, 6, None
1490, 31260972009, 21974, 10194, 1491, 10198, 10194, 3, None
1491, 8868159406, 22318, 10194, 1493, 10202, 10180, 6, None
1492, 88896972577, 22571, 9406, 1493, 9406, 9394, 4, None
1493, 27795162625, 22703, 9406, 1494, 9406, 9394, 4, None
1494, 213211423712, 22602, 10194, 2991, 10202, 10184, 7, None
1495, 4737306621, 21786, 9406, 1496, 9406, 9394, 4, None
1496, 92382978067, 23402, 9406, 1497, 9406, 9394, 4, None
1497, 107186774794, 23358, 10194, 2997, 10202, 10184, 7, None
1498, 27131387734, 22370, 10194, 1500, 10202, 10180, 6, None
1499, 1383896164, 21194, 10194, 1500, 10198, 10194, 3, None
1500, 42054643911, 22394, 10194, 1501, 10198, 10194, 3, None
1501, 153632379154, 23098, 9406, 1502, 9406, 9394, 4, None
1502, 512035599, 20994, 9406, 1503, 9406, 9394, 4, 512031090
1503, 3395243791, 21514, 9406, 1504, 9406, 9394, 4, None
1504, 39120220229, 22543, 10194, 3011, 10202, 10184, 7, None
1505, 2831284042, 21678, 9406, 1506, 9406, 9394, 4, None
1506, 7917001533, 21544, 10194, 1507, 10198, 10194, 3, None
1507, 1725719527, 21146, 10194, 3017, 10202, 10184, 7, None
1508, 38018975657, 22559, 9406, 1509, 9406, 9394, 4, None
1509, 35056653452, 22676, 9406, 1510, 9406, 9394, 4, None
1510, 13260349951, 21916, 10194, 1512, 10202, 10180, 6, None
1511, 2022834173, 21716, 9406, 1512, 9406, 9394, 4, None
1512, 22375792919, 23850, 9406, 1513, 9406, 9394, 4, None
1513, 88616494136, 23398, 9406, 1514, 9406, 9394, 4, None
1514, 6764174450, 21974, 9406, 1515, 9406, 9394, 4, None
1515, 152236217, 20924, 9406, 1516, 9406, 9394, 4, None
1516, 7801174817, 22034, 10194, 3035, 10202, 10184, 7, None
1517, 5015950447, 22166, 10194, 3037, 10202, 10184, 7, None
1518, 11321918513, 23638, 9406, 1519, 9406, 9394, 4, None
1519, 103308064621, 23522, 10194, 3041, 10202, 10184, 7, None
1520, 46424138809, 22442, 9406, 1521, 9406, 9394, 4, None
1521, 6289499285, 21778, 10194, 1523, 10202, 10180, 6, None
1522, 54941829705, 22794, 9406, 1523, 9406, 9394, 4, None
1523, 28845965955, 22588, 10194, 3049, 10202, 10184, 7, None
1524, 117792435368, 23614, 9406, 1525, 9406, 9394, 4, None
1525, 78522870034, 22978, 10194, 3053, 10202, 10184, 7, None
1526, 16837006966, 23129, 9406, 1527, 9406, 9394, 4, None
1527, 26591277806, 23026, 10194, 3057, 10202, 10184, 7, None
1528, 2440515124, 22570, 9406, 1529, 9406, 9394, 4, None
1529, 4541787287, 22559, 9406, 1530, 9406, 9394, 4, None
1530, 40662942385, 23398, 10194, 1532, 10202, 10180, 6, None
1531, 29947062802, 24357, 9406, 1532, 9406, 9394, 4, None
1532, 83048930589, 23117, 9406, 1533, 9406, 9394, 4, None
1533, 54402502027, 23131, 10194, 3069, 10202, 10184, 7, None
1534, 25377711067, 22994, 10554, 1536, 10562, 10528, 6, None
1535, 12618646728, 22426, 9406, 1536, 9406, 9394, 4, None
1536, 49197019356, 23522, 9406, 1537, 9406, 9394, 4, None
1537, 132375345096, 23406, 10194, 3077, 10202, 10184, 7, None
1538, 49916747870, 23354, 9406, 1539, 9406, 9394, 4, None
1539, 28287592492, 22762, 9406, 1540, 9406, 9394, 4, None
1540, 64979085473, 23176, 9406, 1541, 9406, 9394, 4, None
1541, 33293173195, 23402, 10194, 1542, 10198, 10194, 3, None
1542, 47319408399, 23098, 10194, 3087, 10202, 10184, 7, None
1543, 5517986813, 22006, 9406, 1544, 9406, 9394, 4, None
1544, 2525388938, 21874, 9406, 1545, 9406, 9394, 4, None
1545, 238348356124, 23806, 9406, 1546, 9406, 9394, 4, None
1546, 20279098085, 22606, 9406, 1547, 9406, 9394, 4, None
1547, 22931598116, 23003, 9406, 1548, 9406, 9394, 4, None
1548, 25014675703, 23282, 10194, 3099, 10202, 10184, 7, None
1549, 29950406016, 22862, 9406, 1550, 9406, 9394, 4, None
1550, 19227635959, 22838, 10194, 1551, 10198, 10194, 3, None
1551, 47597458540, 23374, 9406, 1552, 9406, 9394, 4, 47597453879
1552, 50011966394, 23486, 10194, 3107, 10202, 10184, 7, None
1553, 18691230807, 22802, 9406, 1554, 9406, 9394, 4, None
1554, 10271269675, 22676, 9406, 1555, 9406, 9394, 4, None
1555, 64550755553, 23094, 9406, 1556, 9406, 9394, 4, None
1556, 22866150717, 23112, 10194, 1557, 10198, 10194, 3, None
1557, 33760641188, 23241, 9406, 1558, 9406, 9394, 4, None
1558, 94839981377, 23654, 9406, 1559, 9406, 9394, 4, None
1559, 20793315889, 22774, 10194, 1561, 10202, 10180, 6, None
1560, 4651835475, 22812, 9406, 1561, 9406, 9394, 4, None
1561, 142840376, 21952, 9406, 1562, 9406, 9394, 4, None
1562, 25322700769, 23145, 10194, 1563, 10198, 10194, 3, None
1563, 42941839651, 24086, 9406, 1564, 9406, 9394, 4, None
1564, 62972270404, 24382, 9406, 1565, 9406, 9394, 4, None
1565, 38771057980, 23258, 9406, 1566, 9406, 9394, 4, None
1566, 62363607616, 24825, 10554, 1568, 10562, 10528, 6, None
1567, 21560982485, 23624, 10194, 1568, 10198, 10194, 3, None
1568, 41052895318, 23605, 9406, 1569, 9406, 9394, 4, None
1569, 6186564042, 22870, 9406, 1570, 9406, 9394, 4, 6186559326
1570, 10055708913, 23530, 10194, 3143, 10202, 10184, 7, None
1571, 61548584244, 23448, 9406, 1572, 9406, 9394, 4, None
1572, 22079970720, 23306, 9406, 1573, 9406, 9394, 4, 22079965996
1573, 7101510067, 23756, 10194, 1575, 10202, 10180, 6, None
1574, 12840943927, 23502, 9406, 1575, 9406, 9394, 4, None
1575, 79503171177, 23764, 9406, 1576, 9406, 9394, 4, None
1576, 50337365800, 23708, 9406, 1577, 9406, 9394, 4, None
1577, 24194848128, 23614, 9406, 1578, 9406, 9394, 4, None
1578, 134519496952, 24184, 9406, 1579, 9406, 9394, 4, None
1579, 35611516329, 23978, 9406, 1580, 9406, 9394, 4, None
1580, 97050883960, 25586, 9406, 1581, 9406, 9394, 4, None
1581, 109336869400, 23990, 9406, 1582, 9406, 9394, 4, None
1582, 28240261424, 23356, 9406, 1583, 9406, 9394, 4, None
1583, 49974399323, 23692, 9406, 1584, 9406, 9394, 4, 49974394573
1584, 96831062639, 24148, 10194, 1586, 10202, 10180, 6, None
1585, 119889084532, 23781, 10194, 3173, 10202, 10184, 7, None
1586, 2121202630, 22612, 10194, 3175, 10202, 10184, 7, None
1587, 36671731088, 23466, 10194, 3177, 10202, 10184, 7, None
1588, 189735595999, 24718, 9406, 1589, 9406, 9394, 4, None
1589, 228978872227, 24373, 9406, 1590, 9406, 9394, 4, None
1590, 97638158205, 24218, 9406, 1591, 9406, 9394, 4, None
1591, 34685804534, 23444, 9406, 1592, 9406, 9394, 4, None
1592, 29161091237, 23546, 9406, 1593, 9406, 9394, 4, None
1593, 9409017469, 23358, 10194, 3189, 10202, 10184, 7, None
1594, 8427441598, 23458, 9406, 1595, 9406, 9394, 4, None
1595, 223891769138, 24148, 9406, 1596, 9406, 9394, 4, None
1596, 33760315603, 23743, 9406, 1597, 9406, 9394, 4, None
1597, 111685747281, 24410, 9406, 1598, 9406, 9394, 4, None
1598, 237789526669, 24680, 10194, 3199, 10202, 10184, 7, None
1599, 38875044887, 23643, 9406, 1600, 9406, 9394, 4, None
1603, 6914155107, 23682, 9406, 1604, 9406, 9394, 4, None
1604, 9850180336, 24398, 9406, 1605, 9406, 9394, 4, None
1605, 30540163286, 24498, 9406, 1606, 9406, 9394, 4, None
1606, 80100546078, 25166, 9406, 1607, 9406, 9394, 4, 80100541257
1607, 158145460685, 24722, 10194, 3217, 10202, 10184, 7, None
1608, 20464129999, 24421, 9406, 1609, 9406, 9394, 4, None
1609, 51447485331, 24866, 9406, 1610, 9406, 9394, 4, None
1610, 77425783901, 25412, 10194, 3223, 10202, 10184, 7, None
1612, 1086606918, 22998, 9406, 1613, 9406, 9394, 4, None
1613, 40707451582, 24359, 10194, 1615, 10202, 10180, 6, None
1614, 16633952536, 24086, 9406, 1615, 9406, 9394, 4, None
1615, 20024664710, 23526, 9406, 1616, 9406, 9394, 4, None
1616, 16270248972, 23603, 9406, 1617, 9406, 9394, 4, None
1617, 8720881008, 23836, 10194, 3237, 10202, 10184, 7, None
1621, 49481343331, 24458, 9406, 1622, 9406, 9394, 4, None
1622, 60945852575, 24188, 9406, 1623, 9406, 9394, 4, None
1623, 19096754227, 23743, 9406, 1624, 9406, 9394, 4, None
1624, 6017445342, 23398, 9406, 1625, 9406, 9394, 4, None
1625, 71320579420, 23990, 9406, 1626, 9406, 9394, 4, None
1640, 18875904159, 24936, 9406, 1641, 9406, 9394, 4, None
1641, 179864722088, 24902, 9406, 1642, 9406, 9394, 4, None
1642, 20178996772, 24198, 9406, 1643, 9406, 9394, 4, None
1643, 68057048143, 24846, 10194, 1644, 10198, 10194, 3, None
1677, 83397760392, 25554, 10194, 1679, 10202, 10180, 6, None
1678, 163401778643, 25836, 10194, 1679, 10198, 10194, 3, None
1679, 34959218595, 24928, 10194, 3361, 10202, 10184, 7, None
1680, 86967749846, 25432, 10194, 1682, 10202, 10180, 6, None
1751, 26340430805, 26882, 9406, 1752, 9406, 9394, 4, None
1752, 103905379481, 26666, 10198, 1753, 10198, 10194, 3, None
1753, 287664574298, 27530, 9406, 1754, 9406, 9394, 4, None
1788, 10591924277, 26261, 9406, 1789, 9406, 9394, 4, None
