signature_id,distinct_count,cycle_min,cycle_max,signature_hash,value_set_id,value_set_hash,size,representative_m,member_m_list
0,1,1,1,660d27866c015bac,0,4355a46b19d348dc,1,1,1
1,2,4,5,84d5863ad67a5331,1,ab2fafd33682c9e5,1,2,2
2,2,12,14,5625217a1f681f4e,2,228b64f640f3e532,1,3,3
3,4,14,17,a9bd6b124d93883f,3,146078008a4e0500,1,4,4
4,5,14,19,ec5f6eecd1038e36,4,9027ec562e94503b,1,5,5
5,3,30,34,64bacfd28c6f4eb6,5,8d2fe0ae0313a605,1,6,6
6,4,14,19,dbe2eadab9f0afde,6,b7113a55da9a4640,1,7,7
7,12,22,43,69ae6b2177f600dd,7,579f3fed0f19ffc9,1,8,8
8,8,24,43,b9beb38ee9633632,8,9e83f99c0466d606,1,9,9
9,8,66,82,b180062aab9db185,9,5c35861664f1630c,1,10,10
10,5,34,43,ac40f8b2fa096d06,10,e00279ecb958b462,1,11,11
11,8,66,82,15e9e64034fb4792,9,5c35861664f1630c,1,12,12
12,5,34,43,e7b5aebf99c90095,10,e00279ecb958b462,1,13,13
13,8,66,82,a556ffe48f89c6e2,9,5c35861664f1630c,1,14,14
14,4,112,118,7b3c3bdb258a73ca,11,e4b46bd785f23991,1,15,15
15,4,84,94,84daa55a7e14e0d8,12,9fa0ecce81196135,1,16,16
16,4,112,118,c27cdb6412276010,11,e4b46bd785f23991,1,17,17
17,14,150,186,b05473e8d9c8fa4f,13,482a2d1410507013,1,18,18
18,4,76,82,4d17e3601d4256b0,14,a03b9b7be7a1050c,1,19,19
19,3,114,118,71950639effbeb8a,15,431051e08c1e63ba,1,20,20
20,3,112,118,9e2a416b684d4870,16,f3c70dada9b9cd1a,1,21,21
21,14,150,186,20adcd8715ca1583,13,482a2d1410507013,1,22,22
22,5,150,166,b0896f1c0c655b32,17,e0afa835d0934750,1,23,23
23,10,180,206,770f5666626d8b5d,18,0abca86cd181f918,1,24,24
24,10,180,206,cc165151f386fa3f,18,0abca86cd181f918,1,25,25
25,9,184,206,390bff502104fc5f,19,9c1804e9cb5307c0,1,26,26
26,4,172,178,81347d3773c78448,20,18b21a598feb8f50,1,27,27
27,9,184,206,a8a2e4ab7b58416c,19,9c1804e9cb5307c0,1,28,28
28,14,150,186,32dbb741bd0d176e,21,461999db97d3bf14,1,29,29
29,7,198,214,18570b12c722df48,22,dbf377cacc65d846,1,30,30
30,5,150,166,b97732ec8f7ee370,17,e0afa835d0934750,1,31,31
31,9,184,206,5dbafec00ef5b696,19,9c1804e9cb5307c0,1,32,32
32,10,180,206,1735854d7e744ea5,18,0abca86cd181f918,1,33,33
33,9,184,206,9d528b73e08dee28,19,9c1804e9cb5307c0,1,34,34
34,4,144,157,360c38ed5b0c7fe6,23,866642164b715364,1,35,35
35,3,288,302,bed56ba4ee8b4cc1,24,4bb27c046fe0ca4a,1,36,36
36,4,300,314,515032564aca1e0b,25,1a2cdb7b2f4aad34,1,37,37
37,4,172,178,8e9ba9a0d79db8a4,20,18b21a598feb8f50,1,38,38
38,3,288,302,4b779d38898423bc,24,4bb27c046fe0ca4a,1,39,39
39,4,144,157,cf23ced889c7a3f5,23,866642164b715364,1,40,40
40,4,300,314,1feece472f194848,25,1a2cdb7b2f4aad34,1,41,41
41,4,300,314,b8a816f05e409744,25,1a2cdb7b2f4aad34,1,42,42
42,4,300,314,be7724e9f7498050,25,1a2cdb7b2f4aad34,1,43,43
43,4,350,358,832f83c034e1fe0b,26,1655faf48fc698ac,1,44,44
44,4,350,358,d26a28720f849627,26,1655faf48fc698ac,1,45,45
45,3,300,314,5c872c88b33833f7,27,2e41de8a428160dc,1,46,46
46,4,350,358,915f11cf31b50846,26,1655faf48fc698ac,1,47,47
47,4,350,358,6c228d604ce31512,26,1655faf48fc698ac,1,48,48
48,5,198,214,852eccc40d6a9b0d,28,d73ed8020fdf45b2,1,49,49
49,4,350,358,28e1197fcadd2ddf,26,1655faf48fc698ac,1,50,50
50,4,350,358,b03aaefdf4eef127,26,1655faf48fc698ac,1,51,51
51,4,300,314,9c841580b7baa497,25,1a2cdb7b2f4aad34,1,52,52
52,5,420,438,bbee0384bada590a,29,06b537bd3aabd1c9,1,53,53
53,23,418,470,3079a9d27ddf50c9,30,d80236a3d22ddec2,1,54,54
54,15,434,474,44945acb08ebc57a,31,40b4fecbfe46efdc,1,55,55
55,4,300,314,c95e10bf75beb3c5,25,1a2cdb7b2f4aad34,1,56,56
56,4,350,358,246027f8498c8c61,26,1655faf48fc698ac,1,57,57
57,4,350,358,e1b5b8a0614193d5,26,1655faf48fc698ac,1,58,58
58,4,300,314,f09d5a818c6db559,25,1a2cdb7b2f4aad34,1,59,59
59,4,350,358,aff8e2d3fa78011c,26,1655faf48fc698ac,1,60,60
60,20,490,556,0da6038c22cd328b,32,c0d21e9fdac5a58b,1,61,61
61,4,300,314,3f4f86999490556f,25,1a2cdb7b2f4aad34,1,62,62
62,23,490,562,f72143c1f0b7f513,33,fa750f92eadb7cc8,1,63,63
63,4,350,358,dc6af74c0563d79a,26,1655faf48fc698ac,1,64,64
64,4,350,358,7d900231d07cf8d1,26,1655faf48fc698ac,1,65,65
65,4,300,314,7c9ca734ce9a6e4e,25,1a2cdb7b2f4aad34,1,66,66
66,4,350,358,2a4b7ccb896d35fd,26,1655faf48fc698ac,1,67,67
67,7,286,302,cc6bd7dacb5a36ec,34,23ce9996c6d6c53e,1,68,68
68,4,350,358,0c999c4b4aa25129,26,1655faf48fc698ac,1,69,69
69,4,350,358,0de68849babbc5e5,26,1655faf48fc698ac,1,70,70
70,32,550,622,5979d7c345269886,35,56eb4d2b661c0a1e,1,71,71
71,3,300,314,35301ea8c9131fa2,36,a70e6ffc6a189308,1,72,72
72,4,350,358,7e6ede156ee6914b,26,1655faf48fc698ac,1,73,73
73,3,496,502,fddea8041b068d69,37,253bcdbc50e064b2,1,74,74
74,4,350,358,f65a040574909518,26,1655faf48fc698ac,1,75,75
75,59,562,702,74a3950127e0e6c4,38,2d672a95662eb71e,1,76,76
76,3,496,502,c407fec285a48256,37,253bcdbc50e064b2,1,77,77
77,3,496,502,2f1f5b92bb3c0b6f,37,253bcdbc50e064b2,1,78,78
78,12,618,656,fa1ef645a83267c2,39,6e81543e21e19f59,1,79,79
79,6,460,482,feb06e89145900e1,40,5abe702bec0177f5,1,80,80
80,7,546,566,548d18a9cdeca288,41,23de014538a9d867,1,81,81
81,7,546,566,8ae230d5459f3fd3,41,23de014538a9d867,1,82,82
82,3,496,502,951a422c1ef3fb02,37,253bcdbc50e064b2,1,83,83
83,3,496,502,f2b610d7e09e2c61,37,253bcdbc50e064b2,1,84,84
84,4,324,337,69a3c040379fdb4d,42,fec26f630cd53f25,1,85,85
85,3,496,502,36d87b2d09f21236,37,253bcdbc50e064b2,1,86,86
86,3,496,502,a51e2de1f220aba9,37,253bcdbc50e064b2,1,87,87
87,3,656,662,83cdd572a23c6128,43,94e6d49b79aebe21,1,88,88
88,4,720,746,0a8ca3a19ffeb9e1,44,ba671f5d8277d075,1,89,89
89,3,496,502,954e7a131d1885df,37,253bcdbc50e064b2,1,90,90
90,7,546,566,4b9241e746ff0c8b,41,23de014538a9d867,1,91,91
91,3,656,662,fdb013d182bf81c9,43,94e6d49b79aebe21,1,92,92
92,3,656,662,33c2f5103878e5f4,43,94e6d49b79aebe21,1,93,93
93,4,720,746,3108c6cbb8ad0679,44,ba671f5d8277d075,1,94,94
94,3,656,662,e6ee1be816f2e72f,43,94e6d49b79aebe21,1,95,95
95,4,720,746,6d09b7755de135c7,44,ba671f5d8277d075,1,96,96
96,3,762,766,42c2a98ac5f562d0,45,85d1df8cb47124af,1,97,97
97,4,720,746,e638da1304b50453,44,ba671f5d8277d075,1,98,98
98,2,792,808,9fb799b2b53de88f,46,4318519cac9fc7e4,1,99,99
99,2,804,808,dfc161bebdf73f82,47,82931bdc8e5b429a,1,100,100
100,3,762,766,a5988475853518a0,45,85d1df8cb47124af,1,101,101
101,9,810,838,c1043ddcfe0d67c8,48,22b580d333251542,1,102,102
102,9,810,838,3f2d6e463cfe0bc7,48,22b580d333251542,1,103,103
103,9,810,838,e94c23a59d64f634,48,22b580d333251542,1,104,104
104,9,540,566,785eecc3d79ba9ad,49,14cb9e50104e64e3,1,105,105
105,9,810,838,c82d94962177814e,48,22b580d333251542,1,106,106
106,9,810,838,169c4712b3c5e19f,48,22b580d333251542,1,107,107
107,9,810,838,e671e28a8d186af3,48,22b580d333251542,1,108,108
108,7,810,842,24d60bd1e3ee7c51,50,6c3954918563f0f3,1,109,109
109,9,810,838,3014db9c1be88b8b,48,22b580d333251542,1,110,110
110,7,810,842,543a7c3a6a580fdf,50,6c3954918563f0f3,1,111,111
111,9,810,838,9d087850bf1071ad,48,22b580d333251542,1,112,112
112,5,910,934,f382ad9bda831be4,51,c330d9302fceff09,1,113,113
113,9,810,838,855678033556fb82,48,22b580d333251542,1,114,114
114,9,810,838,0ea57f2a86f3b7fe,48,22b580d333251542,1,115,115
115,9,810,838,c1a439eb3d933388,48,22b580d333251542,1,116,116
116,9,810,838,5bc57f8fcabb25a2,48,22b580d333251542,1,117,117
117,6,816,842,8894e83c14a39c78,52,efcc9aa7acbe05bc,1,118,118
118,3,950,958,a3223109e236fc69,53,cb41d3d318bf74a4,1,119,119
119,9,810,838,085533c7ebd8b61c,48,22b580d333251542,1,120,120
120,9,810,838,be24b9b41a83d0b6,48,22b580d333251542,1,121,121
121,6,816,842,17b3465cc6bc37e6,52,efcc9aa7acbe05bc,1,122,122
122,9,810,838,022d8ef51a65c27f,48,22b580d333251542,1,123,123
123,6,820,842,0f5feceef3269312,54,c1ef66d98ddff7d8,1,124,124
124,4,1000,1030,38bdc0614d0012f9,55,a460540a0718e34d,1,125,125
125,9,810,838,ee47396704e6159a,48,22b580d333251542,1,126,126
126,1,1016,1016,702d062fcc1987b3,56,8f1d061e9968f01c,1,127,127
127,9,810,838,67164af2d6bf3d7e,48,22b580d333251542,1,128,128
128,6,816,842,502ac41ba36180a0,52,efcc9aa7acbe05bc,1,129,129
129,7,810,842,1bb2e771b6d2b4e5,50,6c3954918563f0f3,1,130,130
130,9,810,838,e03dd753bdf0dbcd,48,22b580d333251542,1,131,131
131,9,810,838,c682e1f8e64f9d47,48,22b580d333251542,1,132,132
132,9,810,838,3f341bf42e1796ad,48,22b580d333251542,1,133,133
133,2,1072,1074,c0df943762218705,57,007d8399e0be2ba0,1,134,134
134,9,810,842,e384463ba9b6426e,58,32c6a9153c7ededa,1,135,135
135,9,810,842,7aee5ae9f8c962fc,58,32c6a9153c7ededa,1,136,136
136,9,810,842,0353c9ce3ef5a7f8,58,32c6a9153c7ededa,1,137,137
137,4,720,746,5524b82ef45877b5,44,ba671f5d8277d075,1,138,138
138,9,810,842,b0695b9105d25273,58,32c6a9153c7ededa,1,139,139
139,8,816,842,2d05ea07a7f8b288,59,2e5f1ae16d23ec9a,1,140,140
140,9,810,842,6f7af8a9b8039590,58,32c6a9153c7ededa,1,141,141
141,6,816,842,be43e957a2284980,52,efcc9aa7acbe05bc,1,142,142
142,9,810,842,a5623a9b0613fce9,58,32c6a9153c7ededa,1,143,143
143,9,810,842,54d6bf73438ec939,58,32c6a9153c7ededa,1,144,144
144,4,720,746,8d634c5f975aead9,44,ba671f5d8277d075,1,145,145
145,6,816,842,f64ea80e1973d6c1,52,efcc9aa7acbe05bc,1,146,146
146,3,762,766,f0e622aa4d35e506,45,85d1df8cb47124af,1,147,147
147,6,816,842,d3f14ae6fbd1b48f,52,efcc9aa7acbe05bc,1,148,148
148,3,752,758,ec0b62ad3ac98aad,60,7fef4b54e7a96dcc,1,149,149
149,6,816,842,40317426b52a41af,52,efcc9aa7acbe05bc,1,150,150
150,9,810,842,860956299da4d086,58,32c6a9153c7ededa,1,151,151
151,3,762,766,f5acf18ccdaddcb3,45,85d1df8cb47124af,1,152,152
152,4,720,746,0c882f34cb1a0dc4,44,ba671f5d8277d075,1,153,153
153,9,810,842,06c03f608dd42fb6,58,32c6a9153c7ededa,1,154,154
154,6,816,842,f2c6a2bae471a50c,52,efcc9aa7acbe05bc,1,155,155
155,9,810,842,63026023ad2e9954,58,32c6a9153c7ededa,1,156,156
156,9,810,842,2fdc578085cac315,58,32c6a9153c7ededa,1,157,157
157,5,824,842,b90eb7fbea4b9a21,61,285f3ac3731b7fc6,1,158,158
158,13,663,683,9fa3b5a4387f49ff,62,4a8a6a495db2ea34,1,159,159
159,9,810,842,09bcea2e630f6887,58,32c6a9153c7ededa,1,160,160
160,9,810,842,9c0c7312efef60fc,58,32c6a9153c7ededa,1,161,161
161,9,810,842,72a00c7442276bb8,58,32c6a9153c7ededa,1,162,162
162,6,816,842,e5f367069525074f,52,efcc9aa7acbe05bc,1,163,163
163,6,816,842,20bbb742fe3d5eee,52,efcc9aa7acbe05bc,1,164,164
164,12,664,683,e765c98356c3b997,63,6b0a51bc3b60ff6e,1,165,165
165,24,1314,1402,b7a12c14c6df94f4,64,efe5f5c3a373b03e,1,166,166
166,1,1336,1336,f8077959997655bd,65,9f33113d3ffc66ee,1,167,167
167,34,1326,1402,a48e4642da03c125,66,774cecd307ac4193,1,168,168
168,3,1332,1346,5e9be05ae327da07,67,f1b43375c65cdba0,1,169,169
169,15,1352,1402,4178fdd34dd8384e,68,446125aab89456e0,1,170,170
170,21,1362,1426,f8ac16ec344dd133,69,5c1bf701b675fc07,1,171,171
171,6,1374,1396,8c32bbabfa3b2626,70,3c9d32e3dea3d7ba,1,172,172
172,5,1380,1398,ef55a279156437f9,71,6bd085d27a10e5b6,1,173,173
173,6,1380,1402,e4707aabe2a435bb,72,51d10fab3e42a8e8,1,174,174
174,6,1380,1402,b4a0f2e1ff691d36,72,51d10fab3e42a8e8,1,175,175
175,6,1380,1402,94a572ba6fb73fce,72,51d10fab3e42a8e8,1,176,176
176,6,1380,1402,c2cdcc3a047d4822,72,51d10fab3e42a8e8,1,177,177
177,3,1332,1346,fc9b4e2e1682921d,67,f1b43375c65cdba0,1,178,178
178,6,1380,1402,8361ee8b110bb6a2,72,51d10fab3e42a8e8,1,179,179
179,3,1434,1438,8dc3aae430d01bf6,73,289f3d4b6c74f4c4,1,180,180
180,5,1482,1494,da81b13c7480f508,74,0c7d28efebbcb0e1,1,181,181
181,55,1446,1580,de96e01c67f55250,75,7dec7d7faa69c251,1,182,182
182,6,1482,1502,883b7a6548b8456d,76,fe5192c64b4d9f0e,1,183,183
183,6,1380,1402,afc1c0348da786a4,72,51d10fab3e42a8e8,1,184,184
184,6,1482,1502,8653fbf471177815,76,fe5192c64b4d9f0e,1,185,185
185,3,1452,1466,eff969d43bacaf53,77,5a38959afc182f05,1,186,186
186,55,1464,1586,7bc663279ade144a,78,4524ebfafe24e469,1,187,187
187,23,1500,1570,db6468459f897ee0,79,7490dd67a97d6955,1,188,188
188,8,1508,1562,a747453b5d0de32d,80,2e34663c031008d7,1,189,189
189,18,1510,1606,f7680af1723170e1,81,1d691bba21e75d31,1,190,190
190,6,1380,1402,ed0e61e3e8ae6acd,72,51d10fab3e42a8e8,1,191,191
191,17,1526,1564,9cf2ad031a2f548c,82,bd35bc004460b1aa,1,192,192
192,6,1380,1402,3e13a9455389aeca,72,51d10fab3e42a8e8,1,193,193
193,5,1552,1576,7ca79cd4d10c1c3f,83,ecdd299525f32f41,1,194,194
194,4,1560,1606,013cc42f0a6b98a6,84,b75bdb92604b25bc,1,195,195
195,3,1332,1346,94d0aae7e5c176cb,67,f1b43375c65cdba0,1,196,196
196,10,1590,1622,2c1e0fc914aa0678,85,bf0f522422678d5e,1,197,197
197,10,1794,1816,a963b9984af24814,86,5bb2521929c8ac2e,1,198,198
198,5,1722,1734,701015343d141147,87,76574c1a76f41852,1,199,199
199,6,1380,1402,2554854713be90ca,72,51d10fab3e42a8e8,1,200,200
200,9,1584,1622,09e7a26ee4000f65,88,28a9f73655cba25d,1,201,201
201,5,1722,1734,7602be34fca85df3,87,76574c1a76f41852,1,202,202
202,6,1380,1402,b7ed14b19fa1ba34,72,51d10fab3e42a8e8,1,203,203
203,6,1380,1402,468b29836d1358a2,72,51d10fab3e42a8e8,1,204,204
204,5,1722,1734,848c05e2dde190af,87,76574c1a76f41852,1,205,205
205,6,1380,1402,e9e4de42631c942a,72,51d10fab3e42a8e8,1,206,206
206,6,1380,1402,9ac69a40d6847a3e,72,51d10fab3e42a8e8,1,207,207
207,6,1380,1402,884412809f5e4190,72,51d10fab3e42a8e8,1,208,208
208,10,1794,1816,5d2415a72b623f2b,86,5bb2521929c8ac2e,1,209,209
209,6,1380,1402,b53eb92ae7f3cd3e,72,51d10fab3e42a8e8,1,210,210
210,1,1688,1688,bc8df02e79fad3da,89,f8dac85c6401d17b,1,211,211
211,10,1584,1622,2f9c6622a1c158af,90,9da799de84c83c57,1,212,212
212,3,1692,1706,74888fb2cc61cb58,91,8c10e08f0a9b3a2c,1,213,213
213,10,1590,1622,04883be1455b3288,85,bf0f522422678d5e,1,214,214
214,3,1332,1346,e1f705492a78fc68,67,f1b43375c65cdba0,1,215,215
215,3,1332,1346,c3ad265224e70c61,67,f1b43375c65cdba0,1,216,216
216,6,1380,1402,320f4376f2085c2d,72,51d10fab3e42a8e8,1,217,217
217,3,1332,1346,598f66f1909afced,67,f1b43375c65cdba0,1,218,218
218,3,1332,1346,defa3490c322c2ff,67,f1b43375c65cdba0,1,219,219
219,3,1332,1346,7bd102aaf7fb7681,67,f1b43375c65cdba0,1,220,220
220,6,1380,1402,b438ad0781d491f7,72,51d10fab3e42a8e8,1,221,221
221,10,1584,1622,889eebcec5b4890b,90,9da799de84c83c57,1,222,222
222,10,1590,1622,5bdd268df4ce8eb3,85,bf0f522422678d5e,1,223,223
223,12,1584,1622,8ae255d5777c1a78,92,042e590773fcdf49,1,224,224
224,6,1380,1402,821518e88fa3211a,72,51d10fab3e42a8e8,1,225,225
225,10,1584,1622,9d15965f20519a45,90,9da799de84c83c57,1,226,226
226,6,1380,1402,81bf2097518f2d68,72,51d10fab3e42a8e8,1,227,227
227,3,1332,1346,e4eb63e078710df3,67,f1b43375c65cdba0,1,228,228
228,10,1584,1622,73e3165c3bb10205,90,9da799de84c83c57,1,229,229
229,6,1380,1402,c33c298fafffa81e,72,51d10fab3e42a8e8,1,230,230
230,6,1380,1402,2aab98c9ae7880f0,72,51d10fab3e42a8e8,1,231,231
231,3,1332,1346,4b87744c33a55025,67,f1b43375c65cdba0,1,232,232
232,3,1332,1346,01785d4597a00db8,67,f1b43375c65cdba0,1,233,233
233,6,1380,1402,3354dd6d281f4f92,72,51d10fab3e42a8e8,1,234,234
234,3,1692,1706,4aafae15c45de3a8,91,8c10e08f0a9b3a2c,1,235,235
235,6,1380,1402,581d61f8f8b18523,72,51d10fab3e42a8e8,1,236,236
236,6,1380,1402,0861a24f1e5d4761,72,51d10fab3e42a8e8,1,237,237
237,6,1380,1402,ed54622b1b35052d,72,51d10fab3e42a8e8,1,238,238
238,6,1380,1402,0acc050404857fe6,72,51d10fab3e42a8e8,1,239,239
239,6,1380,1402,00d0228ff4fed4f4,72,51d10fab3e42a8e8,1,240,240
240,6,1380,1402,c57a3eb542f1a52e,72,51d10fab3e42a8e8,1,241,241
241,10,1590,1622,261aa07d41610167,85,bf0f522422678d5e,1,242,242
242,6,1380,1402,4d8b9fd77f3d5e92,72,51d10fab3e42a8e8,1,243,243
243,10,1590,1622,7286125a670515f8,85,bf0f522422678d5e,1,244,244
244,6,1380,1402,e44e88c65fd43ed1,72,51d10fab3e42a8e8,1,245,245
245,3,1692,1706,0826427f5ad8079e,91,8c10e08f0a9b3a2c,1,246,246
246,6,1380,1402,3d89c2b33fe90911,72,51d10fab3e42a8e8,1,247,247
247,6,1380,1402,6b48f7501ab14669,72,51d10fab3e42a8e8,1,248,248
248,6,1380,1402,ad3d4e5398b0d531,72,51d10fab3e42a8e8,1,249,249
249,6,1380,1402,ec16776509978664,72,51d10fab3e42a8e8,1,250,250
250,6,1380,1402,c71a53cb5135a1e3,72,51d10fab3e42a8e8,1,251,251
251,10,1590,1622,a7d4345c70cf28e8,85,bf0f522422678d5e,1,252,252
252,6,1380,1402,ba3d3e26019dd0f4,72,51d10fab3e42a8e8,1,253,253
253,6,1380,1402,658b31cf66b3dea5,72,51d10fab3e42a8e8,1,254,254
254,6,1380,1402,a534ab03bb2cdeb2,72,51d10fab3e42a8e8,1,255,255
255,6,1380,1402,d6fe41c28fcc5893,72,51d10fab3e42a8e8,1,256,256
256,6,1380,1402,52d170a35d600bf3,72,51d10fab3e42a8e8,1,257,257
257,10,1590,1622,de9dfa78948ae9c2,85,bf0f522422678d5e,1,258,258
258,12,1584,1622,d7380bb340e70454,92,042e590773fcdf49,1,259,259
259,7,1856,1894,be4fc5388c4a8de5,93,6cd81a0a692747a9,1,260,260
260,3,1332,1346,872bcfb820b7be96,67,f1b43375c65cdba0,1,261,261
261,6,1380,1402,6f52227794cde93a,72,51d10fab3e42a8e8,1,262,262
262,3,1332,1346,72969abdb4e9a3cc,67,f1b43375c65cdba0,1,263,263
263,10,1590,1622,5cb8d3d3ddefa159,85,bf0f522422678d5e,1,264,264
264,6,1380,1402,9bfc2ef77c6e27ab,72,51d10fab3e42a8e8,1,265,265
265,3,1332,1346,bb480cb2900adb52,67,f1b43375c65cdba0,1,266,266
266,4,2028,2042,420b76eff2ef7565,94,846137c8606a2c77,1,267,267
267,6,1380,1402,6b100aa4cd2c02f9,72,51d10fab3e42a8e8,1,268,268
268,6,1380,1402,b8569cd5f2ed5418,72,51d10fab3e42a8e8,1,269,269
269,6,1380,1402,adedfe457f35f798,72,51d10fab3e42a8e8,1,270,270
270,3,1332,1346,c03bf1b79698cf45,67,f1b43375c65cdba0,1,271,271
271,10,1590,1622,3ca0d66fc7b4d60e,85,bf0f522422678d5e,1,272,272
272,11,2204,2234,3ef6bf33943032a5,95,2c8615389241c5a5,1,273,273
273,10,1590,1622,983d51b01417e45b,85,bf0f522422678d5e,1,274,274
274,10,1584,1622,6ef9a8216564642c,90,9da799de84c83c57,1,275,275
275,6,1380,1402,45fec79bbcde2b54,72,51d10fab3e42a8e8,1,276,276
276,3,1332,1346,0d601d4147f0b67f,67,f1b43375c65cdba0,1,277,277
277,6,1380,1402,809980446f8e3d45,72,51d10fab3e42a8e8,1,278,278
278,10,1590,1622,427abb22bdd9d458,85,bf0f522422678d5e,1,279,279
279,10,2240,2290,55c78ec1a080b0b3,96,381bf46431c8ffc3,1,280,280
280,6,1380,1402,cda64700bdeb39d0,72,51d10fab3e42a8e8,1,281,281
281,4,2028,2042,8d53f89f11d7bf62,94,846137c8606a2c77,1,282,282
282,3,1332,1346,b1a0b39167865416,67,f1b43375c65cdba0,1,283,283
283,3,1332,1346,71efb1432c7961d6,67,f1b43375c65cdba0,1,284,284
284,3,2622,2630,1280b17bd1617905,97,0f1ade2799e01a9f,1,285,285
285,6,1380,1402,e4141a6f5bb289e0,72,51d10fab3e42a8e8,1,286,286
286,6,1380,1402,71e573ae5ce8a413,72,51d10fab3e42a8e8,1,287,287
287,4,2028,2042,4a5382f877d9bc7f,94,846137c8606a2c77,1,288,288
288,4,2028,2042,98317598647bbeec,94,846137c8606a2c77,1,289,289
289,3,2622,2630,2fbc9b598bff9c62,97,0f1ade2799e01a9f,1,290,290
290,10,1590,1622,69341d27ec3a8b93,85,bf0f522422678d5e,1,291,291
291,4,2028,2042,a7a0378767fe3c53,94,846137c8606a2c77,1,292,292
292,10,1590,1622,c1c2952c75f4c4ed,85,bf0f522422678d5e,1,293,293
293,3,2622,2630,132443deb88acb13,97,0f1ade2799e01a9f,1,294,294
294,10,2350,2374,03f6b25538d53bb3,98,cb4c5de470ba3a91,1,295,295
295,9,2350,2374,867e9edc33ab32d9,99,be6cf9f5daa1b46d,1,296,296
296,3,2622,2630,bb65edb3718e567a,97,0f1ade2799e01a9f,1,297,297
297,7,2618,2638,e661276dbb8ff084,100,f7b2b839ca1ee403,1,298,298
298,3,1332,1346,e9cea8f1d1198d95,67,f1b43375c65cdba0,1,299,299
299,9,2350,2374,00a1ab79413eba39,99,be6cf9f5daa1b46d,1,300,300
300,3,2366,2374,5134795688dc5d6c,101,275b0fc0eefb9622,1,301,301
301,8,2618,2642,32a6c21cf9c80b38,102,d9b72fe9cece512d,1,302,302
302,10,2350,2374,199978334906d30c,98,cb4c5de470ba3a91,1,303,303
303,9,2350,2374,87b60fbd50bf1ee6,99,be6cf9f5daa1b46d,1,304,304
304,4,2028,2042,bd65c94c01c172ee,94,846137c8606a2c77,1,305,305
305,3,2622,2630,a2fd7b05348585eb,97,0f1ade2799e01a9f,1,306,306
306,7,2618,2638,49b7d1a0e7ec54bc,100,f7b2b839ca1ee403,1,307,307
307,3,2622,2630,a0c9dd2e2744f453,97,0f1ade2799e01a9f,1,308,308
308,3,2622,2630,3687ceadf7d3e2e1,97,0f1ade2799e01a9f,1,309,309
309,3,2622,2630,c3278eb91a28dd71,97,0f1ade2799e01a9f,1,310,310
310,3,2622,2630,06fe213a1f21546c,97,0f1ade2799e01a9f,1,311,311
311,9,2350,2374,731ebbc1ce1d725f,99,be6cf9f5daa1b46d,1,312,312
312,3,2622,2630,fdc95ed0e13c42a5,97,0f1ade2799e01a9f,1,313,313
313,3,2622,2630,b5ff0d0c10649c96,97,0f1ade2799e01a9f,1,314,314
314,3,2622,2630,decaf011bf07520d,97,0f1ade2799e01a9f,1,315,315
315,3,2622,2630,d46005ffa78397a9,97,0f1ade2799e01a9f,1,316,316
316,3,2622,2630,082969811b704063,97,0f1ade2799e01a9f,1,317,317
317,9,2350,2374,a35b8e0503b303d5,99,be6cf9f5daa1b46d,1,318,318
318,3,2622,2630,6069eee5f5469d31,97,0f1ade2799e01a9f,1,319,319
319,8,2618,2642,1b8d2000a45c7ac2,102,d9b72fe9cece512d,1,320,320
320,4,2028,2042,72330c4c9a1d19f4,94,846137c8606a2c77,1,321,321
321,10,2350,2374,86a633342862e288,98,cb4c5de470ba3a91,1,322,322
322,4,2028,2042,16bdc32a66b1df76,94,846137c8606a2c77,1,323,323
323,3,2622,2630,d74eccebb4968130,97,0f1ade2799e01a9f,1,324,324
324,3,2622,2630,672cc902a29c8a61,97,0f1ade2799e01a9f,1,325,325
325,4,2028,2042,4e8884c2d46bf685,94,846137c8606a2c77,1,326,326
326,4,2028,2042,4df0c0f417f9e076,94,846137c8606a2c77,1,327,327
327,9,2350,2374,6072cfb0c046bca3,99,be6cf9f5daa1b46d,1,328,328
328,4,2028,2042,57d401194da7cf27,94,846137c8606a2c77,1,329,329
329,4,2624,2638,695fa5c6070bdf71,103,9d8cb7c2d421b364,1,330,330
330,4,2624,2638,14ddfb96db129d56,103,9d8cb7c2d421b364,1,331,331
331,4,2028,2042,37a5118bd00f3275,94,846137c8606a2c77,1,332,332
332,4,2624,2638,b5aec7946b1339d7,103,9d8cb7c2d421b364,1,333,333
333,4,2624,2638,c00b202564ad8372,103,9d8cb7c2d421b364,1,334,334
334,7,2616,2642,e01e4a8dba5f6655,104,12d30bc0239fccad,1,335,335
335,3,2366,2374,132ecaf545cfbb12,101,275b0fc0eefb9622,1,336,336
336,4,2624,2638,b355b030431c09e7,103,9d8cb7c2d421b364,1,337,337
337,3,2366,2374,a80426b1a3a23131,101,275b0fc0eefb9622,1,338,338
338,12,2340,2374,095677009bddd462,105,3f717e2c5246a500,1,339,339
339,7,2616,2642,c00a6989e3d09cda,104,12d30bc0239fccad,1,340,340
340,4,2028,2042,a49df3d839b1f106,94,846137c8606a2c77,1,341,341
341,8,2618,2642,08a66278d46f1d18,102,d9b72fe9cece512d,1,342,342
342,4,2624,2638,cb415a5385c33928,103,9d8cb7c2d421b364,1,343,343
343,4,2624,2638,f8fe8f653350eca0,103,9d8cb7c2d421b364,1,344,344
344,8,2618,2642,dbbdb884bafb9eca,102,d9b72fe9cece512d,1,345,345
345,8,2618,2642,668154ab536459ab,102,d9b72fe9cece512d,1,346,346
346,4,2028,2042,ccfb91ec22805bee,94,846137c8606a2c77,1,347,347
347,4,2624,2638,2fa48a05c0d779ea,103,9d8cb7c2d421b364,1,348,348
348,4,2624,2638,34dafc91bb55a29d,103,9d8cb7c2d421b364,1,349,349
349,4,2624,2638,5e0418ace58b147b,103,9d8cb7c2d421b364,1,350,350
350,4,2624,2638,b43558d434f07d42,103,9d8cb7c2d421b364,1,351,351
351,7,2616,2642,00ccbf04dab12f4b,104,12d30bc0239fccad,1,352,352
352,4,2028,2042,07349083b709aa94,94,846137c8606a2c77,1,353,353
353,9,2350,2374,0260d66c6ce291c9,99,be6cf9f5daa1b46d,1,354,354
354,8,2618,2642,773ec27958ffd86f,102,d9b72fe9cece512d,1,355,355
355,4,2624,2638,5585440e47a95ebc,103,9d8cb7c2d421b364,1,356,356
356,4,2624,2638,b3dc596c644afd96,103,9d8cb7c2d421b364,1,357,357
357,4,2028,2042,06659439b56beb5e,94,846137c8606a2c77,1,358,358
358,3,2366,2374,2201907c9706365a,101,275b0fc0eefb9622,1,359,359
359,10,2350,2374,0e9127ecf68199af,98,cb4c5de470ba3a91,1,360,360
360,4,2028,2042,df860c9e4e986e1f,94,846137c8606a2c77,1,361,361
361,3,2366,2374,e88e153197691dcd,101,275b0fc0eefb9622,1,362,362
362,4,2624,2638,bc6c9cfd6ce5af46,103,9d8cb7c2d421b364,1,363,363
363,4,2028,2042,ec320de8efa94a51,94,846137c8606a2c77,1,364,364
364,4,2624,2638,544ce75a683dac3e,103,9d8cb7c2d421b364,1,365,365
365,4,2624,2638,99c7aed0744011a0,103,9d8cb7c2d421b364,1,366,366
366,3,2366,2374,1a30b6ca59469dde,101,275b0fc0eefb9622,1,367,367
367,4,2624,2638,00f1ac37112087b3,103,9d8cb7c2d421b364,1,368,368
368,4,2624,2638,a86c340efb59a2f0,103,9d8cb7c2d421b364,1,369,369
369,4,2028,2042,87f8323622f6261d,94,846137c8606a2c77,1,370,370
370,4,2028,2042,f80ad96ec179017e,94,846137c8606a2c77,1,371,371
371,8,2618,2642,ad8c5f78fb82534b,102,d9b72fe9cece512d,1,372,372
372,10,2350,2374,59f1b5a2edd35909,98,cb4c5de470ba3a91,1,373,373
373,7,2616,2642,68110fc459e40b40,104,12d30bc0239fccad,1,374,374
374,5,2624,2638,cd5a92e77d769f30,106,e8f7791cc840982e,1,375,375
375,4,2624,2638,d38e75b563c75e48,103,9d8cb7c2d421b364,1,376,376
376,8,2618,2642,79f3e80eb54a1efe,102,d9b72fe9cece512d,1,377,377
377,4,2028,2042,f211dd7184374fd8,94,846137c8606a2c77,1,378,378
378,4,2624,2638,cc78f235394426ce,103,9d8cb7c2d421b364,1,379,379
379,4,2624,2638,b4cc44c572a1cc93,103,9d8cb7c2d421b364,1,380,380
380,4,2624,2638,640669ee2a716fff,103,9d8cb7c2d421b364,1,381,381
381,4,2028,2042,aaa10a57043c36c7,94,846137c8606a2c77,1,382,382
382,4,2624,2638,46713d6c84967bd7,103,9d8cb7c2d421b364,1,383,383
383,4,2624,2638,40f0f3e833549083,103,9d8cb7c2d421b364,1,384,384
384,8,2618,2642,dc68330edd9a7b7c,102,d9b72fe9cece512d,1,385,385
385,10,2350,2374,9032fd2e0c598b8d,98,cb4c5de470ba3a91,1,386,386
386,8,2618,2642,91ce6fb29ca97cdd,102,d9b72fe9cece512d,1,387,387
387,4,2028,2042,7e4de5480238bb3a,94,846137c8606a2c77,1,388,388
388,4,2624,2638,ff37ca1463f78d20,103,9d8cb7c2d421b364,1,389,389
389,4,2624,2638,471200fa153911dd,103,9d8cb7c2d421b364,1,390,390
390,4,2028,2042,359886af83376540,94,846137c8606a2c77,1,391,391
391,10,2350,2374,80395c33536ce167,98,cb4c5de470ba3a91,1,392,392
392,4,2028,2042,461a2ef996d60bd4,94,846137c8606a2c77,1,393,393
393,4,2624,2638,8a73209655fa665d,103,9d8cb7c2d421b364,1,394,394
394,4,2028,2042,41c65f692f3018b5,94,846137c8606a2c77,1,395,395
395,3,2366,2374,67022f7a1b1f9c64,101,275b0fc0eefb9622,1,396,396
396,5,2624,2638,e15dc4310f928742,106,e8f7791cc840982e,1,397,397
397,9,2350,2374,bc766aff01d92ae5,99,be6cf9f5daa1b46d,1,398,398
398,4,2624,2638,b1bea49867172201,103,9d8cb7c2d421b364,1,399,399
399,4,2624,2638,171cedf6cbfd62f8,103,9d8cb7c2d421b364,1,400,400
400,3,2366,2374,4749bd220dbf537c,101,275b0fc0eefb9622,1,401,401
401,4,2624,2638,1360578ba0ea88b1,103,9d8cb7c2d421b364,1,402,402
402,3,2366,2374,6a4fed71a24bf6b4,101,275b0fc0eefb9622,1,403,403
403,9,2350,2374,854f010a9716db70,99,be6cf9f5daa1b46d,1,404,404
404,4,2624,2638,e47824b7e718b63b,103,9d8cb7c2d421b364,1,405,405
405,9,2350,2374,41f5e5c488f76185,99,be6cf9f5daa1b46d,1,406,406
406,4,2624,2638,6679532ba43328b1,103,9d8cb7c2d421b364,1,407,407
407,3,2366,2374,bed029cdbfdeb478,101,275b0fc0eefb9622,1,408,408
408,4,2028,2042,6e4371e815f55c30,94,846137c8606a2c77,1,409,409
409,5,2624,2638,6ea6855b951c582b,106,e8f7791cc840982e,1,410,410
410,3,2366,2374,1364ea58c2c7cc8f,101,275b0fc0eefb9622,1,411,411
411,4,2624,2638,3dbfaed7308b1440,103,9d8cb7c2d421b364,1,412,412
412,4,2624,2638,19ea20f7a64b9fe1,103,9d8cb7c2d421b364,1,413,413
413,9,2350,2374,fe33dd000a25bf1d,99,be6cf9f5daa1b46d,1,414,414
414,4,2028,2042,0455d5310aed17f5,94,846137c8606a2c77,1,415,415
415,9,2350,2374,a5f2900e31e1484b,99,be6cf9f5daa1b46d,1,416,416
416,4,2624,2638,b63f4f20b236f933,103,9d8cb7c2d421b364,1,417,417
417,7,2616,2642,db1976d81f72b027,104,12d30bc0239fccad,1,418,418
418,5,2624,2638,d906f8702a6406a6,106,e8f7791cc840982e,1,419,419
419,7,2616,2642,f4067ce8f8d00c0b,104,12d30bc0239fccad,1,420,420
420,4,2028,2042,69d75d76a034af80,94,846137c8606a2c77,1,421,421
421,4,2624,2638,9dbd52fb30efa3e0,103,9d8cb7c2d421b364,1,422,422
422,3,2366,2374,a5c837e3503a03fc,101,275b0fc0eefb9622,1,423,423
423,8,2618,2642,0b4af02382dbff7c,102,d9b72fe9cece512d,1,424,424
424,3,2366,2374,340707f7e7600a43,101,275b0fc0eefb9622,1,425,425
425,4,2624,2638,64c3cb37dba0671b,103,9d8cb7c2d421b364,1,426,426
426,4,2028,2042,97a8ea594b79626e,94,846137c8606a2c77,1,427,427
427,9,2616,2642,062caa99d7d97955,107,84ea91db6dfe0ca3,1,428,428
428,7,2616,2642,9a86cbfef554c2a3,104,12d30bc0239fccad,1,429,429
429,3,2512,2518,8aa19fa8d26cf5e3,108,6f44aaced26c24bb,1,430,430
430,5,2624,2638,c0fdbb2ca7000567,106,e8f7791cc840982e,1,431,431
431,8,2618,2642,0699151b4f9be542,102,d9b72fe9cece512d,1,432,432
432,5,2624,2638,9ee958d232022bc7,106,e8f7791cc840982e,1,433,433
433,4,2028,2042,05428f36a0515e6e,94,846137c8606a2c77,1,434,434
434,8,2618,2642,13c94d96ff1bd09c,102,d9b72fe9cece512d,1,435,435
435,9,2350,2374,18c37f4416b6d416,99,be6cf9f5daa1b46d,1,436,436
436,10,2350,2374,1b6bf82d46a15256,98,cb4c5de470ba3a91,1,437,437
437,4,2624,2638,01023c3cb220db84,103,9d8cb7c2d421b364,1,438,438
438,10,2350,2374,2556361f0591f23e,98,cb4c5de470ba3a91,1,439,439
439,9,2350,2374,24418380acce9f32,99,be6cf9f5daa1b46d,1,440,440
440,4,2624,2638,70dbd7970a789486,103,9d8cb7c2d421b364,1,441,441
441,9,2350,2374,86d49e00a8303559,99,be6cf9f5daa1b46d,1,442,442
442,4,2028,2042,f08d57bb91db6ba5,94,846137c8606a2c77,1,443,443
443,10,2350,2374,e0e8b6c3e877ba4e,98,cb4c5de470ba3a91,1,444,444
444,4,2624,2638,ce37387bc5e01247,103,9d8cb7c2d421b364,1,445,445
445,4,2028,2042,daaf177b3ce57693,94,846137c8606a2c77,1,446,446
446,10,2350,2374,d930f0693c2f2fca,98,cb4c5de470ba3a91,1,447,447
447,10,2350,2374,70151ee4159d5ad6,98,cb4c5de470ba3a91,1,448,448
448,4,2624,2638,48cfc73611dc7833,103,9d8cb7c2d421b364,1,449,449
449,4,2624,2638,b28e7ae3e8aa0c37,103,9d8cb7c2d421b364,1,450,450
450,5,2624,2638,cb1d24fd07e8f3d1,106,e8f7791cc840982e,1,451,451
451,7,2616,2642,442708f07429c7c1,104,12d30bc0239fccad,1,452,452
452,3,2366,2374,74cfd668ef12bf56,101,275b0fc0eefb9622,1,453,453
453,5,2624,2638,f1070c7e47c3bb2e,106,e8f7791cc840982e,1,454,454
454,10,2350,2374,7adbffa1b6967c74,98,cb4c5de470ba3a91,1,455,455
455,3,2512,2518,1b9f234e917f7ab4,108,6f44aaced26c24bb,1,456,456
456,4,2624,2638,199e4baf098e8e62,103,9d8cb7c2d421b364,1,457,457
457,4,2624,2638,3202365e3742cc6c,103,9d8cb7c2d421b364,1,458,458
458,3,2366,2374,56a32b70f8690f09,101,275b0fc0eefb9622,1,459,459
459,7,2616,2642,60379ea4dda1f774,104,12d30bc0239fccad,1,460,460
460,4,2624,2638,8b4ec502adebed6a,103,9d8cb7c2d421b364,1,461,461
461,4,2624,2638,55953084d818152c,103,9d8cb7c2d421b364,1,462,462
462,4,2028,2042,a70bab96cb50f289,94,846137c8606a2c77,1,463,463
463,4,2624,2638,6389f7ae1862cac1,103,9d8cb7c2d421b364,1,464,464
464,5,2624,2638,d432cbebe6b767f4,106,e8f7791cc840982e,1,465,465
465,4,2624,2638,d95441ac80708ebb,103,9d8cb7c2d421b364,1,466,466
466,4,2624,2638,ea28a8aaab812734,103,9d8cb7c2d421b364,1,467,467
467,5,2624,2638,8cf5168ee281c6f3,106,e8f7791cc840982e,1,468,468
468,4,2624,2638,3a0405fad306984a,103,9d8cb7c2d421b364,1,469,469
469,4,2624,2638,d8e79d35cc27f446,103,9d8cb7c2d421b364,1,470,470
470,8,2618,2642,c484a8c1f8625553,102,d9b72fe9cece512d,1,471,471
471,7,2616,2642,4cdf461851205c35,104,12d30bc0239fccad,1,472,472
472,5,2624,2638,fc8b5b9f07ad24ae,106,e8f7791cc840982e,1,473,473
473,4,2624,2638,8fea1d8c22ecd810,103,9d8cb7c2d421b364,1,474,474
474,7,2616,2642,2dde69ee8b2e7b8f,104,12d30bc0239fccad,1,475,475
475,83,3750,3918,8411efc254635a94,109,de936bbc1016a906,1,476,476
476,4,2624,2638,4d70fbfbb561e8d6,103,9d8cb7c2d421b364,1,477,477
477,4,2624,2638,163bb0c4ea42df25,103,9d8cb7c2d421b364,1,478,478
478,5,2624,2638,443f92e93b7839ad,106,e8f7791cc840982e,1,479,479
479,8,2618,2642,aace3d01b839306d,102,d9b72fe9cece512d,1,480,480
480,8,2618,2642,aeb716aea1916836,102,d9b72fe9cece512d,1,481,481
481,5,2624,2638,278caad02c9dba71,106,e8f7791cc840982e,1,482,482
482,4,2624,2638,587b6faaa280c553,103,9d8cb7c2d421b364,1,483,483
483,8,2618,2642,819805a0adcf3de6,102,d9b72fe9cece512d,1,484,484
484,10,2350,2374,a4ba3fad54039eb7,98,cb4c5de470ba3a91,1,485,485
485,4,2624,2638,06042153090b90b8,103,9d8cb7c2d421b364,1,486,486
486,5,4074,4086,cec43f0a806c0fa7,110,d37a04a564f318de,1,487,487
487,7,2616,2642,548e5bc6297c562a,104,12d30bc0239fccad,1,488,488
488,4,2624,2638,666518c37aad7873,103,9d8cb7c2d421b364,1,489,489
489,3,2366,2374,77567fbc9c449d52,101,275b0fc0eefb9622,1,490,490
490,4,2624,2638,8cb1b6569f8f24d5,103,9d8cb7c2d421b364,1,491,491
491,9,2350,2374,eafaa52fb27a8498,99,be6cf9f5daa1b46d,1,492,492
492,4,2624,2638,1e8f240e81af9e38,103,9d8cb7c2d421b364,1,493,493
493,4,2624,2638,a36c395130a96f7e,103,9d8cb7c2d421b364,1,494,494
494,5,2624,2638,91fb3b424ba3560e,106,e8f7791cc840982e,1,495,495
495,4,2624,2638,ad8e4496b26956f4,103,9d8cb7c2d421b364,1,496,496
496,5,4074,4086,a7c2be24b34f6381,110,d37a04a564f318de,1,497,497
497,4,2624,2638,0aaf8df068337772,103,9d8cb7c2d421b364,1,498,498
498,4,2624,2638,add6bf34a3b0f7dc,103,9d8cb7c2d421b364,1,499,499
499,4,2624,2638,2a3cb0bd7aedd7b2,103,9d8cb7c2d421b364,1,500,500
500,8,2618,2642,47eb4bd3f5583d44,102,d9b72fe9cece512d,1,501,501
501,8,2618,2642,25ef8a8a3baef11b,102,d9b72fe9cece512d,1,502,502
502,5,2624,2638,834c019aac9ea8f1,106,e8f7791cc840982e,1,503,503
503,9,2350,2374,1f6709ff290386a7,99,be6cf9f5daa1b46d,1,504,504
504,4,2624,2638,3be3b859c4445da7,103,9d8cb7c2d421b364,1,505,505
505,5,2624,2638,87b9dbc314c65e23,106,e8f7791cc840982e,1,506,506
506,10,2616,2642,c37b5ed72307fa34,111,3e2b20788ab9bd21,1,507,507
507,5,2624,2638,1b00c8012b34a601,106,e8f7791cc840982e,1,508,508
508,5,2624,2638,269bbb2fe54868ea,106,e8f7791cc840982e,1,509,509
509,8,2618,2642,dc6d34964573eb96,102,d9b72fe9cece512d,1,510,510
510,5,2624,2638,cd3d4654b9687cc5,106,e8f7791cc840982e,1,511,511
511,8,2618,2642,cbfa90ff13a2187f,102,d9b72fe9cece512d,1,512,512
512,8,2618,2642,656d3cda53677bac,102,d9b72fe9cece512d,1,513,513
513,4,2624,2638,59914b8a06d8c637,103,9d8cb7c2d421b364,1,514,514
514,10,2350,2374,fa50aba51a18c264,98,cb4c5de470ba3a91,1,515,515
515,3,2634,2638,be5d06c8c7738d6c,112,f71ed42abfdb0848,1,516,516
516,7,2616,2642,c3280cf83c388389,104,12d30bc0239fccad,1,517,517
517,4,2624,2638,5abb09703d3c3d00,103,9d8cb7c2d421b364,1,518,518
518,4,2624,2638,5b53d48387a8312c,103,9d8cb7c2d421b364,1,519,519
519,4,2624,2638,72676f0ea062e0d3,103,9d8cb7c2d421b364,1,520,520
520,4,2624,2638,3332b7138c6acfbf,103,9d8cb7c2d421b364,1,521,521
521,4,2624,2638,5b72240eb55d7e5b,103,9d8cb7c2d421b364,1,522,522
522,4,4602,4612,078a9b214fe1c9de,113,fe104a03c08925f3,1,523,523
523,60,4186,4402,740a85411c4e8d8e,114,c3a0edd450aaa9a7,1,524,524
524,10,2350,2374,19c197312c51196c,98,cb4c5de470ba3a91,1,525,525
525,7,2616,2642,fdbaa182b202df2a,104,12d30bc0239fccad,1,526,526
526,5,2624,2638,a4ac0b6c2c0e459e,106,e8f7791cc840982e,1,527,527
527,20,4216,4262,fc4dba8e02263078,115,c6839c0a400be3d9,1,528,528
528,20,4216,4262,3bae00f405adf8c2,115,c6839c0a400be3d9,1,529,529
529,7,2616,2642,9c008601786595dc,104,12d30bc0239fccad,1,530,530
530,47,4230,4354,6744f9b65a4bea28,116,3b233d4d40df1604,1,531,531
531,4568,2178,6938,69bddb3467013412,117,15f0979204706798,1,532,532
532,4,4602,4612,8ceae3fb340893bb,113,fe104a03c08925f3,1,533,533
533,4229,2208,6715,45f9e3e83911801d,118,55aca7dfc327ed9d,1,534,534
534,149,4140,4478,d60a0e9b43d5d0bb,119,78183495dadfb9db,1,535,535
535,2,4288,4294,cab62a695bce5f5a,120,47015eb125ddb8d0,1,536,536
536,79,4258,4436,277c0cadfb551c4b,121,b5459028d0de7d29,1,537,537
537,8,4296,4314,2869f864226ef27c,122,61720199c70ad76f,1,538,538
538,4,4602,4612,17d6a8d96472f8dc,113,fe104a03c08925f3,1,539,539
539,2,4324,4328,ccb8b0219b4e98df,123,e58ba1f2e51b8b87,1,540,540
540,3,4332,4342,da1b66435a124724,124,a5711838bc3e36f1,1,541,541
541,7,4336,4362,c78a9de36451f55f,125,bf391168eb0cbfc9,1,542,542
542,4,4344,4362,09b03edac64958b6,126,c1a6e80cc9d7f60e,1,543,543
543,88,4336,4504,4cd59aaa40e0aa30,127,a8c7811f88487312,1,544,544
544,94,4336,4538,02ef3452e8f81479,128,7e0702d945987bda,1,545,545
545,25,4368,4442,193216b8b6cfc56e,129,a776b0178c1333af,1,546,546
546,24,4370,4438,cbbee51f52bec304,130,66e41f60fea4c7de,1,547,547
547,12,4378,4430,1ba87a6d9320cb2e,131,e33d4207d3edcdf3,1,548,548
548,21,4382,4440,93cfb5cfced35191,132,e115a997f99db12a,1,549,549
549,30,4390,4502,58cc4d191e263c7a,133,78be0ba5c86ec1ef,1,550,550
550,5,2624,2638,94b3c150e165850a,106,e8f7791cc840982e,1,551,551
551,8,4410,4442,c2c74b970a5aeee9,134,5c9042b9fd9eac4a,1,552,552
552,4,4602,4612,cd0f7196c683d750,113,fe104a03c08925f3,1,553,553
553,4,2624,2638,df476f3cd5d79d1a,103,9d8cb7c2d421b364,1,554,554
554,9,4402,4442,c24efa22c3fd67f3,135,4938951a37f8a642,1,555,555
555,3,4522,4534,5883467cb9e61ed5,136,9162023bbdbfaec5,1,556,556
556,5,2624,2638,2cadfdadee554148,106,e8f7791cc840982e,1,557,557
557,9,4402,4442,f285277dfc61ba2b,135,4938951a37f8a642,1,558,558
558,9,4402,4442,63b2d9cb5ea3d5ef,135,4938951a37f8a642,1,559,559
559,4,2624,2638,fc7a103b44d855dd,103,9d8cb7c2d421b364,1,560,560
560,5,2624,2638,8301ff51c80bd3de,106,e8f7791cc840982e,1,561,561
561,4,4602,4612,8f96bca6085834d2,113,fe104a03c08925f3,1,562,562
562,4,4602,4612,2fad2d96861e490e,113,fe104a03c08925f3,1,563,563
563,9,4402,4442,74cce7de92f6f1a0,135,4938951a37f8a642,1,564,564
564,9,4402,4442,ecb21313e7573b8d,135,4938951a37f8a642,1,565,565
565,3,4536,4568,00f43eb54d3f4b15,137,d185f571ea379d57,1,566,566
566,4,4602,4612,aadd2a908829fd58,113,fe104a03c08925f3,1,567,567
567,9,4402,4442,20bbdc83abc0a80a,135,4938951a37f8a642,1,568,568
568,4,4602,4612,695297d8adc54c6d,113,fe104a03c08925f3,1,569,569
569,13,4548,4586,c4e650b2d16f1e57,138,eea0b6bf61573ff1,1,570,570
570,9,4402,4442,b2dac57d7abff674,135,4938951a37f8a642,1,571,571
571,2,4736,4744,1e37f142f35e9df9,139,e9ca95d9796422cb,1,572,572
572,4,4602,4612,334c6fbdf3dfdbbb,113,fe104a03c08925f3,1,573,573
573,4,4602,4612,2614b6fb4e6d3acf,113,fe104a03c08925f3,1,574,574
574,3,4608,4630,5f4ecfe3ef310d3c,140,0fb97f38b1d195e9,1,575,575
575,2,4608,4630,79215776d7cd8ca7,141,8d77c76db662ba15,1,576,576
576,5,2624,2638,ea5fe25053594792,106,e8f7791cc840982e,1,577,577
577,9,4402,4442,eff6142203984a39,135,4938951a37f8a642,1,578,578
578,5,5130,5158,074723e8f19cac07,142,3a338117839958f2,1,579,579
579,7,5270,5288,f9864692e3c3c300,143,5baf40403e1c578a,1,580,580
580,2,4736,4744,5d7b0482a9af4a91,139,e9ca95d9796422cb,1,581,581
581,4,2624,2638,56d3987c4d692e35,103,9d8cb7c2d421b364,1,582,582
582,2,4736,4744,71c8130287d7d9b4,139,e9ca95d9796422cb,1,583,583
583,5,2624,2638,6729bd21eaece7b2,106,e8f7791cc840982e,1,584,584
584,5,5130,5158,276b01c3af7b94d3,142,3a338117839958f2,1,585,585
585,9,4402,4442,aaffdf8fe999dc98,135,4938951a37f8a642,1,586,586
586,8,2618,2642,ae67bca111f07d81,102,d9b72fe9cece512d,1,587,587
587,5,2624,2638,5b1641995d6c3c35,106,e8f7791cc840982e,1,588,588
588,3,4522,4534,03b424423b1ea2bd,136,9162023bbdbfaec5,1,589,589
589,9,4402,4442,55cf349c32897e8f,135,4938951a37f8a642,1,590,590
590,5,5130,5158,8bae051dcd14a2bc,142,3a338117839958f2,1,591,591
591,9,4402,4442,4cba507ba59b5331,135,4938951a37f8a642,1,592,592
592,9,4402,4442,4833f85993a71247,135,4938951a37f8a642,1,593,593
593,5,5130,5158,32d382def7673546,142,3a338117839958f2,1,594,594
594,5,2624,2638,01cf01e01aa79c23,106,e8f7791cc840982e,1,595,595
595,5,2624,2638,665a3cb56f00b11a,106,e8f7791cc840982e,1,596,596
596,5,5130,5158,86e3f093315d84dc,142,3a338117839958f2,1,597,597
597,17,4842,4942,2af1e2472233eb26,144,fb77ab76428b18d1,1,598,598
598,7,5270,5288,25cf42af7893a853,143,5baf40403e1c578a,1,599,599
599,24,4794,4858,ddbc326d69d218f7,145,8c61d7a72237c398,1,600,600
600,5412,2478,8129,f01bf6d497e3b5d2,146,ebeca5f793149f40,1,601,601
601,67,4788,4938,2c2021f90da7832c,147,4bdb180adfcd4572,1,602,602
602,5,5130,5158,d39e971b493ff59f,142,3a338117839958f2,1,603,603
603,24,4826,4898,3188e120c9cc00b1,148,59c9aaade39e0424,1,604,604
604,2,4840,4856,4ab79c9c8e33ec6c,149,3ddd4b314bc09445,1,605,605
605,12,4842,4874,d942756d6119a0e6,150,abd5d12913557bd5,1,606,606
606,191,4760,5138,2aea70ae23785429,151,4385a5bdf2ad4b86,1,607,607
607,16,4858,4938,b39e5d3286ac7e6d,152,144fd245b1e39225,1,608,608
608,9,4912,4946,cf6affb5dd8219e8,153,937cb60fd1093499,1,609,609
609,50,4844,5014,60dee2e173128d23,154,2d8993b98d4c7720,1,610,610
610,8,4890,4938,8dac374e5bf542ba,155,e05be187c02d2b27,1,611,611
611,10,4890,4924,e4b21b7767150b29,156,d82331a8dbf63222,1,612,612
612,1,4904,4904,7b8a30808b1ebdd8,157,4c92d250866acba7,1,613,613
613,8,4912,4946,9b46e8e8a50b3f82,158,e3c4521b7696dbf1,1,614,614
614,3,4950,4978,3f11dc6a7cbb1616,159,fa037e9ee829c6b0,1,615,615
615,3,4970,4978,2960a27d99c60c18,160,8191f160dca771b7,1,616,616
616,29,4944,5128,7d6c7d88931bb1f6,161,4cd1184e4450cd17,1,617,617
617,5,5130,5158,09d40ebe64c1fc1d,142,3a338117839958f2,1,618,618
618,3,4970,4978,6566b5dd9a4dd4c5,160,8191f160dca771b7,1,619,619
619,3,4970,4978,a2e299eaad2dad1e,160,8191f160dca771b7,1,620,620
620,3,4970,4978,0f6f0419e0cc9880,160,8191f160dca771b7,1,621,621
621,2,4976,4978,066df0f2f35eca40,162,c66102ed94ef0ac0,1,622,622
622,21,4984,5128,36e9dd5dc88095ed,163,ae953acf8e064598,1,623,623
623,5,5130,5158,58d7a445922f1a10,142,3a338117839958f2,1,624,624
624,9,4912,4946,feff55ce200da770,153,937cb60fd1093499,1,625,625
625,22,5004,5128,bbcd7a2f85282796,164,08eba0a8c6858281,1,626,626
626,125,4998,5306,943b02bc7809641f,165,b17807082eba38ac,1,627,627
627,3,5022,5036,da0f8e34bc6c1c3f,166,c33e325b47f8b4a4,1,628,628
628,5,5130,5158,8a000a18deb29272,142,3a338117839958f2,1,629,629
629,5391,2610,8306,f5612714ad116798,167,8f9b73a38f38d9ef,1,630,630
630,5,5130,5158,f23f6c586410cb42,142,3a338117839958f2,1,631,631
631,5,5130,5158,5aa77b0242c76d28,142,3a338117839958f2,1,632,632
632,5,5130,5158,7708cbee87e0ad3c,142,3a338117839958f2,1,633,633
633,21,5070,5132,67ba9bdf3733abb7,168,eef1fcb1b4712b93,1,634,634
634,9,4912,4946,025089b2c680d9a7,153,937cb60fd1093499,1,635,635
635,5,5130,5158,7c3eb7a1ca316aa8,142,3a338117839958f2,1,636,636
636,5,5130,5158,33aa7ad6cdc9550a,142,3a338117839958f2,1,637,637
637,9,5104,5134,458711dd7916ed0b,169,2a4ed78dc51d18b6,1,638,638
638,5,5130,5158,c55d134803d8abe2,142,3a338117839958f2,1,639,639
639,5,5130,5158,2ffe2ea24861d0b1,142,3a338117839958f2,1,640,640
640,5,5130,5158,bd095c82bdf4c49f,142,3a338117839958f2,1,641,641
641,8,4912,4946,86dec50b3412a36d,158,e3c4521b7696dbf1,1,642,642
642,5,5130,5158,bc2ba4cd81366090,142,3a338117839958f2,1,643,643
643,5,5130,5158,683b8ff18d2bb160,142,3a338117839958f2,1,644,644
644,5,5130,5158,811a79edf8831cfd,142,3a338117839958f2,1,645,645
645,5,5130,5158,9e3f0500a0765bef,142,3a338117839958f2,1,646,646
646,5,5130,5158,125e8498c616a6b5,142,3a338117839958f2,1,647,647
647,4,5130,5158,bc3bfd1e2bf7ba62,170,3992f71ea17d7370,1,648,648
648,5,5130,5158,e92550e73ce0dffd,142,3a338117839958f2,1,649,649
649,5,5130,5158,4e532969a1b8f52e,142,3a338117839958f2,1,650,650
650,5,5130,5158,54126fb4f12a9cc6,142,3a338117839958f2,1,651,651
651,5,5130,5158,2fe91dd893e16450,142,3a338117839958f2,1,652,652
652,5,5130,5158,2c0d20afce51fd7f,142,3a338117839958f2,1,653,653
653,5,5130,5158,a27507d12842ae27,142,3a338117839958f2,1,654,654
654,5,5130,5158,b0451b8fb1b44b56,142,3a338117839958f2,1,655,655
655,5,5130,5158,402796116db08c29,142,3a338117839958f2,1,656,656
656,5,5130,5158,251d315b1bd2ecf9,142,3a338117839958f2,1,657,657
657,5,5130,5158,8fb58f7024cb944f,142,3a338117839958f2,1,658,658
658,5,5130,5158,fea26f82accc4c60,142,3a338117839958f2,1,659,659
659,5,5130,5158,daf9cac257aadbc8,142,3a338117839958f2,1,660,660
660,5,5130,5158,3c6b5318bae6f622,142,3a338117839958f2,1,661,661
661,5,5130,5158,e8184c4914c7449b,142,3a338117839958f2,1,662,662
662,5,5130,5158,5ecda70330ecb661,142,3a338117839958f2,1,663,663
663,5,5130,5158,9a98d183345f8dfc,142,3a338117839958f2,1,664,664
664,5,5130,5158,431d305df213e368,142,3a338117839958f2,1,665,665
665,9,4912,4946,4e11788da6044e71,153,937cb60fd1093499,1,666,666
666,3,3056,3062,e1aaaca270b94a65,171,fd049f0484a3fce5,1,667,667
667,9,4912,4946,6657fed57b41b51d,153,937cb60fd1093499,1,668,668
668,8,4912,4946,34dc2b93779be689,158,e3c4521b7696dbf1,1,669,669
669,9,4912,4946,c3c2093f27262d6f,153,937cb60fd1093499,1,670,670
670,3,5888,5898,f47e67016c652190,172,7a7129563e320358,1,671,671
671,5,5130,5158,5ecc2a383cabae08,142,3a338117839958f2,1,672,672
672,9,4912,4946,ac71c64b33423e6a,153,937cb60fd1093499,1,673,673
673,9,4912,4946,7b0e477f64f491f5,153,937cb60fd1093499,1,674,674
674,5,5130,5158,f7269f3444b531cf,142,3a338117839958f2,1,675,675
675,5,5130,5158,180c6a36156a5837,142,3a338117839958f2,1,676,676
676,5,5130,5158,b7c6e9c1e7f914cb,142,3a338117839958f2,1,677,677
677,5,5130,5158,69157177b3af9308,142,3a338117839958f2,1,678,678
678,5,5130,5158,147afbd0143f46ad,142,3a338117839958f2,1,679,679
679,9,4912,4946,f39036c78a1cdf19,153,937cb60fd1093499,1,680,680
680,9,4912,4946,cb24940cba5a2599,153,937cb60fd1093499,1,681,681
681,5,5130,5158,0fd0de79db127439,142,3a338117839958f2,1,682,682
682,3,3056,3062,59d0763c2db48763,171,fd049f0484a3fce5,1,683,683
683,9,4912,4946,6159e69bd69523fb,153,937cb60fd1093499,1,684,684
684,3,5888,5898,e6dfbd115bcf54b2,172,7a7129563e320358,1,685,685
685,3,5888,5898,cd27c5b08a4eea34,172,7a7129563e320358,1,686,686
686,5,5130,5158,d5db4c533ca933f2,142,3a338117839958f2,1,687,687
687,5,5130,5158,d7c8658f5ca06d42,142,3a338117839958f2,1,688,688
688,5,5130,5158,1e7574cae82be4ae,142,3a338117839958f2,1,689,689
689,5,5130,5158,1cb9ffed3b046b96,142,3a338117839958f2,1,690,690
690,5,5130,5158,fc95d344378abebd,142,3a338117839958f2,1,691,691
691,4,2880,2918,c6c3ee9412a3c247,173,cabc9e3026a01ead,1,692,692
692,3,5888,5898,15772ba76411430d,172,7a7129563e320358,1,693,693
693,3,3056,3062,ee8ea0723284b991,171,fd049f0484a3fce5,1,694,694
694,8,5800,5846,09af04e1f19facd5,174,7ac2b8b0d7b7fc57,1,695,695
695,5,5130,5158,ccfc35ef782c88b4,142,3a338117839958f2,1,696,696
696,5,5130,5158,ba028ce0970eb38d,142,3a338117839958f2,1,697,697
697,3,5888,5898,4d57a85118ef4096,172,7a7129563e320358,1,698,698
698,3,5888,5898,85be104f9af4eecd,172,7a7129563e320358,1,699,699
699,5,5130,5158,db39cb6feda1339b,142,3a338117839958f2,1,700,700
700,8,5800,5846,792e8ae15aac5c53,174,7ac2b8b0d7b7fc57,1,701,701
701,8,5800,5846,1ed9a2c0d761f36e,174,7ac2b8b0d7b7fc57,1,702,702
702,3,5888,5898,246fb16c36a1acbb,172,7a7129563e320358,1,703,703
703,8,5800,5846,01f6866dad551254,174,7ac2b8b0d7b7fc57,1,704,704
704,8,5800,5846,5edff11166166a23,174,7ac2b8b0d7b7fc57,1,705,705
705,3,5888,5898,87a66c7676f16f5e,172,7a7129563e320358,1,706,706
706,4,5778,5788,228c6131a732abad,175,21e927f37ce1e127,1,707,707
707,4,5778,5788,86d36b98b46fa34c,175,21e927f37ce1e127,1,708,708
708,8,5800,5846,6182cb19e4e5dd77,174,7ac2b8b0d7b7fc57,1,709,709
709,4,5778,5788,818fade604a3b41c,175,21e927f37ce1e127,1,710,710
710,3,5888,5898,b5726db0a46511f5,172,7a7129563e320358,1,711,711
711,3,5888,5898,64a2d014fafa289a,172,7a7129563e320358,1,712,712
712,8,5800,5846,347731fadca0f988,174,7ac2b8b0d7b7fc57,1,713,713
713,8,5800,5846,383d7efe915106a2,174,7ac2b8b0d7b7fc57,1,714,714
714,3,5888,5898,eecc00c1e7f941aa,172,7a7129563e320358,1,715,715
715,8,5800,5846,ba5fd972a130f046,174,7ac2b8b0d7b7fc57,1,716,716
716,8,5800,5846,d7ff72754c0de067,174,7ac2b8b0d7b7fc57,1,717,717
717,4,5778,5788,b20d7a10657746ed,175,21e927f37ce1e127,1,718,718
718,8,5800,5846,649f5d923857d477,174,7ac2b8b0d7b7fc57,1,719,719
719,3,5888,5898,e791272d26227172,172,7a7129563e320358,1,720,720
720,3,5888,5898,446000ec0b81a347,172,7a7129563e320358,1,721,721
721,4,5778,5788,188a123d59862924,175,21e927f37ce1e127,1,722,722
722,152,5720,6086,a7fe0ed0c01cfac4,176,ea3eeb2882d796ab,1,723,723
723,8,5800,5846,970ca2e3891f32a2,174,7ac2b8b0d7b7fc57,1,724,724
724,54,5778,5924,13ae7384f20141ad,177,32f3f4f0be1e1439,1,725,725
725,3,5802,5806,69239757756ca7e9,178,f2c8ff42cf3e1453,1,726,726
726,3,5888,5898,f5e5db4147ca527e,172,7a7129563e320358,1,727,727
727,17,5840,5886,afdc7126cb92eab7,179,36856f152db92310,1,728,728
728,3,5888,5898,c759962a395df3c8,172,7a7129563e320358,1,729,729
729,3,5888,5898,d5d60dc5006aad41,172,7a7129563e320358,1,730,730
730,3,5888,5898,f343ac8912adc82a,172,7a7129563e320358,1,731,731
731,3,5888,5898,de2e8ae618b2c549,172,7a7129563e320358,1,732,732
732,1,5864,5864,c2991a88048dc3bb,180,c264a73fa01fb245,1,733,733
733,3,5888,5898,dac6a89da6c077a6,172,7a7129563e320358,1,734,734
734,3,5888,5898,e7bdf1a139e695b1,172,7a7129563e320358,1,735,735
735,5,5130,5158,911d3e4fb47fefb9,142,3a338117839958f2,1,736,736
736,595,5538,6446,1c6c98cb7e2ee6f1,181,e1e4235a9476c9a8,1,737,737
737,6780,3010,10196,c143f630ba58bac1,182,8232ec68245b91e0,1,738,738
738,7068,3030,10732,dc16e9ef35a5b2b5,183,4db67758275fa130,1,739,739
739,57,5922,6122,81fb32da6cb59825,184,a0343924c2df35b8,1,740,740
740,7384,3024,10708,bd2e307e50ed1654,185,9c41dbb4e6d25f60,1,741,741
741,8,5950,5982,2524652dbf81c216,186,3e949143f7deb12b,1,742,742
742,7080,3092,10574,a332bcd002c99c5a,187,12c99d0057663c6a,1,743,743
743,8,5950,5982,91917fa07c9b04e6,186,3e949143f7deb12b,1,744,744
744,21,5976,6086,d665d7c3f90641cb,188,23e39b82c94541c2,1,745,745
745,9,4912,4946,ebeaeee198d82f16,153,937cb60fd1093499,1,746,746
746,379,5832,6418,895eb0829199422c,189,250f44827f754943,1,747,747
747,6214,3225,9634,1fa8a07127fc5055,190,62e9d38bf51ff5ac,1,748,748
748,321,5898,6418,4af9537a11be9bcd,191,98dd003a5c231da1,1,749,749
749,290,5895,6350,b6ca1046a7ee66ab,192,e8b44c2612f79b2d,1,750,750
750,7328,3072,10826,72e60fe579dac394,193,e3afecef281d05a0,1,751,751
751,155,5964,6226,fee4596bfe1a617b,194,26810fd0f46867b9,1,752,752
752,55,6016,6214,df1259a2fd9a610b,195,c3e2bc90833a2fa5,1,753,753
753,125,6000,6234,280611502ec6d72b,196,068ea5ffe0f9e628,1,754,754
754,2,6052,6056,cd464576f77590f0,197,6370b83ebe90248a,1,755,755
755,2,6052,6056,f4d655639afc3bdb,197,6370b83ebe90248a,1,756,756
756,8,6052,6086,f703ba5bca7096ee,198,7c8269009f2766d8,1,757,757
757,68,6056,6242,ddb068e7a6085bfe,199,704fed893e4d4a83,1,758,758
758,54,6068,6226,a3b1a19da0785bda,200,182f90f096aedf7b,1,759,759
759,45,6056,6226,22695a7b1e1cc224,201,c6bb5fbe0e108cda,1,760,760
760,15,6096,6214,950a0048a1a9c63f,202,8b194f2315f0e9b9,1,761,761
761,9,6090,6128,bffec9e5536b7698,203,7f2aabe3bd3c5953,1,762,762
762,52,6096,6234,3caab895e44b02b1,204,66f6b0d41b079f65,1,763,763
763,33,6108,6234,cfc3692108ce0a24,205,1b87c18e60ba72b6,1,764,764
764,15,6132,6214,4d165104cc2ca380,206,7909aaa0eb506f09,1,765,765
765,7,6144,6214,3a4dec538640da35,207,56b7ccaa4c6b8eb7,1,766,766
766,4,6210,6238,2fe0ffe67820c70e,208,663cd04a06110164,1,767,767
767,21,6140,6218,6ffdf41c1bdc2fb7,209,f6a41101bd0f3f2f,1,768,768
768,19,6138,6202,fa066bd1d760c106,210,417282386afa786e,1,769,769
769,4,6160,6214,e4b4b74dab815c31,211,fa662055942028c6,1,770,770
770,10,6164,6198,c4874f58adccb052,212,a28dbf3de6e3c1f1,1,771,771
771,4,6210,6238,cf58456a699e495f,208,663cd04a06110164,1,772,772
772,4,6210,6238,b99c0be77fe0dd96,208,663cd04a06110164,1,773,773
773,4,6210,6238,8f3e747bf9539c60,208,663cd04a06110164,1,774,774
774,21,6194,6346,7b77ed91fb81413e,213,fc172e14f7f44e7b,1,775,775
775,4,6210,6238,de176d479a596f05,208,663cd04a06110164,1,776,776
776,5,5130,5158,75501752cc7a536c,142,3a338117839958f2,1,777,777
777,4,6210,6238,ebf4f3e540fc5ee6,208,663cd04a06110164,1,778,778
778,4,6210,6238,f12428ae5891e482,208,663cd04a06110164,1,779,779
779,4,6210,6238,2944b22fc93b47af,208,663cd04a06110164,1,780,780
780,3,6192,6218,f33e36d43f085183,214,bfb0c34fafbe57af,1,781,781
781,4,6210,6238,86de3db1fd4c1883,208,663cd04a06110164,1,782,782
782,4,6210,6238,961d97a48454c11f,208,663cd04a06110164,1,783,783
783,4,6210,6238,1fdf4475a44b4448,208,663cd04a06110164,1,784,784
784,3,6192,6218,a566d1b653b661ed,214,bfb0c34fafbe57af,1,785,785
785,4,6210,6238,bd8a4e46baf1fac8,208,663cd04a06110164,1,786,786
786,5,5130,5158,88bd178cb8aff9b4,142,3a338117839958f2,1,787,787
787,4,6210,6238,21e470116627c8ae,208,663cd04a06110164,1,788,788
788,4,6210,6238,b05fb0bd9d5d640f,208,663cd04a06110164,1,789,789
789,4,6210,6238,b72737646e953094,208,663cd04a06110164,1,790,790
790,8,4912,4946,da59c8716a9b4cf2,158,e3c4521b7696dbf1,1,791,791
791,4,6210,6238,5e7f95785b996d71,208,663cd04a06110164,1,792,792
792,4,6210,6238,ccebf5fd703618a0,208,663cd04a06110164,1,793,793
793,4,6210,6238,79aa703f5f55b5d9,208,663cd04a06110164,1,794,794
794,4,6210,6238,26da88f70643766a,208,663cd04a06110164,1,795,795
795,4,6210,6238,cae900952a8b4ffa,208,663cd04a06110164,1,796,796
796,4,6210,6238,b297118be038ac92,208,663cd04a06110164,1,797,797
797,4,6210,6238,c59d410511273abd,208,663cd04a06110164,1,798,798
798,5,5130,5158,8df8b13f500927a3,142,3a338117839958f2,1,799,799
799,4,6210,6238,bdf9de4e8dfdc2bf,208,663cd04a06110164,1,800,800
800,4,6210,6238,04692f172ce55ea5,208,663cd04a06110164,1,801,801
801,9,4912,4946,b6e7ae9a3d8db9e8,153,937cb60fd1093499,1,802,802
802,4,6210,6238,5d89eafbb35e5385,208,663cd04a06110164,1,803,803
803,4,6210,6238,20c3365c4dd9e56b,208,663cd04a06110164,1,804,804
804,4,6210,6238,5561bd508003049b,208,663cd04a06110164,1,805,805
805,4,6210,6238,d0673df488033b96,208,663cd04a06110164,1,806,806
806,4,6210,6238,fe1ec4068d6a872a,208,663cd04a06110164,1,807,807
807,4,6210,6238,2e9fe11bc7c964ee,208,663cd04a06110164,1,808,808
808,4,6210,6238,461141adec453641,208,663cd04a06110164,1,809,809
809,4,6210,6238,dbd5bca93fb2326c,208,663cd04a06110164,1,810,810
810,4,6210,6238,290b8cd04ec2b85f,208,663cd04a06110164,1,811,811
811,4,6210,6238,b37944b96f48d212,208,663cd04a06110164,1,812,812
812,3,6192,6218,238a79b2f852f11a,214,bfb0c34fafbe57af,1,813,813
813,4,6210,6238,017fac97da83081c,208,663cd04a06110164,1,814,814
814,4,6210,6238,27f05104d479a0f5,208,663cd04a06110164,1,815,815
815,4,6210,6238,5104370644ed9ea7,208,663cd04a06110164,1,816,816
816,4,6210,6238,580ced9fa1ff65af,208,663cd04a06110164,1,817,817
817,4,6210,6238,ba57784cded20c06,208,663cd04a06110164,1,818,818
818,3,6128,6134,bc84a090536f07d8,215,5c5a40e10408450e,1,819,819
819,3,6192,6218,3d02c2031d914bc0,214,bfb0c34fafbe57af,1,820,820
820,4,6210,6238,30d364685b28b6ab,208,663cd04a06110164,1,821,821
821,3,6192,6218,6ba2374c38f2acd9,214,bfb0c34fafbe57af,1,822,822
822,3,6192,6218,2231872be35ea384,214,bfb0c34fafbe57af,1,823,823
823,4,6210,6238,f5550a4005856731,208,663cd04a06110164,1,824,824
824,4,6210,6238,56d311b5a7fda8e0,208,663cd04a06110164,1,825,825
825,3,6192,6218,545e4c3d5f0d4dbb,214,bfb0c34fafbe57af,1,826,826
826,5,5130,5158,8e6ea7647349d4c1,142,3a338117839958f2,1,827,827
827,3,6192,6218,5d0e872f11dcb98e,214,bfb0c34fafbe57af,1,828,828
828,3,6192,6218,f3a2817ba0552523,214,bfb0c34fafbe57af,1,829,829
829,4,6210,6238,60a1ada1362192be,208,663cd04a06110164,1,830,830
830,4,6210,6238,8c219214c5730ea0,208,663cd04a06110164,1,831,831
831,4,6210,6238,c8e72a9d5c518186,208,663cd04a06110164,1,832,832
832,4,6210,6238,423351565cf0bab0,208,663cd04a06110164,1,833,833
833,4,6210,6238,37e9476ea682c19a,208,663cd04a06110164,1,834,834
834,4,6210,6238,c4c21bd8960ddc43,208,663cd04a06110164,1,835,835
835,4,6210,6238,bcdc74cdbb449dbc,208,663cd04a06110164,1,836,836
836,8,5750,5806,1f331dd57562ccb1,216,518c70e755b3c46e,1,837,837
837,4,6210,6238,7cab040816a0ec4a,208,663cd04a06110164,1,838,838
838,4,6210,6238,14ad273b64ec3324,208,663cd04a06110164,1,839,839
839,4,6210,6238,d098dca6b4fdf320,208,663cd04a06110164,1,840,840
840,4,6210,6238,2795e8bb31fc866a,208,663cd04a06110164,1,841,841
841,4,6210,6238,2f0f9c8920d5db38,208,663cd04a06110164,1,842,842
842,4,6210,6238,deb40acb07c86d28,208,663cd04a06110164,1,843,843
843,3,6192,6218,25b7cc75028add5e,214,bfb0c34fafbe57af,1,844,844
844,4,6210,6238,2fa8fea78a48c397,208,663cd04a06110164,1,845,845
845,4,6210,6238,c295f27122835751,208,663cd04a06110164,1,846,846
846,4,6210,6238,c622f869479ace93,208,663cd04a06110164,1,847,847
847,4,6210,6238,2ef4e90178ab1a2e,208,663cd04a06110164,1,848,848
848,5,5130,5158,c64a7fe64293b048,142,3a338117839958f2,1,849,849
849,4,6210,6238,aa62df9550c1cfeb,208,663cd04a06110164,1,850,850
850,4,6210,6238,52b68f6d73e18ce0,208,663cd04a06110164,1,851,851
851,4,6210,6238,ebf46297f506d1f4,208,663cd04a06110164,1,852,852
852,4,6210,6238,fbb71f41c6e3fd86,208,663cd04a06110164,1,853,853
853,3,6192,6218,15045574c330f7e0,214,bfb0c34fafbe57af,1,854,854
854,3,6192,6218,9e70bc5d0084cd69,214,bfb0c34fafbe57af,1,855,855
855,4,6210,6238,cf31ff7d8c86ce9e,208,663cd04a06110164,1,856,856
856,5,7546,7558,1147f7855e97e9c6,217,0ceb85bf0ff37ed3,1,857,857
857,4,6210,6238,e87e29e0fd4b47ea,208,663cd04a06110164,1,858,858
858,3,6192,6218,3df0f6611a95364f,214,bfb0c34fafbe57af,1,859,859
859,5,5130,5158,a0842beaf26ab79c,142,3a338117839958f2,1,860,860
860,3,6192,6218,8b6e0a7ef9c3416a,214,bfb0c34fafbe57af,1,861,861
861,5,5130,5158,41e2abb4496e822c,142,3a338117839958f2,1,862,862
862,5,5130,5158,fa092767b358aacf,142,3a338117839958f2,1,863,863
863,4,6210,6238,f1d4e0c2f0cd63c4,208,663cd04a06110164,1,864,864
864,4,6210,6238,79d2629845df6b9b,208,663cd04a06110164,1,865,865
865,4,6210,6238,0ab1340b45357407,208,663cd04a06110164,1,866,866
866,9,4912,4946,9cf1b1385625b3ad,153,937cb60fd1093499,1,867,867
867,5,7546,7558,db61cbd3585aa568,217,0ceb85bf0ff37ed3,1,868,868
868,4,6210,6238,1234986a24028b79,208,663cd04a06110164,1,869,869
869,5,5130,5158,caf00ad965ce077c,142,3a338117839958f2,1,870,870
870,4,6210,6238,8d1b07fa964b023a,208,663cd04a06110164,1,871,871
871,4,6210,6238,2af7fe9edb1e4c03,208,663cd04a06110164,1,872,872
872,5,5130,5158,96851493cfd7e228,142,3a338117839958f2,1,873,873
873,4,6210,6238,e2ad3041175d5ead,208,663cd04a06110164,1,874,874
874,4,6210,6238,62d551398944b9ae,208,663cd04a06110164,1,875,875
875,4,6210,6238,d9e56cfbc6ced49e,208,663cd04a06110164,1,876,876
876,5,5130,5158,29247dabafe38ac5,142,3a338117839958f2,1,877,877
877,4,6210,6238,7cf2b4177786211d,208,663cd04a06110164,1,878,878
878,5,5130,5158,bea92053d5545125,142,3a338117839958f2,1,879,879
879,4,6210,6238,baa4c9e5a1bdde1f,208,663cd04a06110164,1,880,880
880,4,6210,6238,9e6e94e7fb61040c,208,663cd04a06110164,1,881,881
881,3,6192,6218,9b1360c980d10aa7,214,bfb0c34fafbe57af,1,882,882
882,4,6210,6238,251f6bf15dfda134,208,663cd04a06110164,1,883,883
883,4,6210,6238,ebabc2f829e2cfab,208,663cd04a06110164,1,884,884
884,4,6210,6238,6ec36fadd00007a2,208,663cd04a06110164,1,885,885
885,4,6210,6238,183b4854818606f4,208,663cd04a06110164,1,886,886
886,3,6192,6218,d5e16e0040148cf6,214,bfb0c34fafbe57af,1,887,887
887,4,6210,6238,987677d5a7b47aed,208,663cd04a06110164,1,888,888
888,5,7546,7558,e1fe19a9b26220e6,217,0ceb85bf0ff37ed3,1,889,889
889,4,6210,6238,6b541f95897264b8,208,663cd04a06110164,1,890,890
890,4,6210,6238,aac8c47d2395f81a,208,663cd04a06110164,1,891,891
891,4,6210,6238,1bf3f458a57cb159,208,663cd04a06110164,1,892,892
892,4,6210,6238,aa2618707caf2113,208,663cd04a06110164,1,893,893
893,3,6192,6218,2936ee82bfc8022c,214,bfb0c34fafbe57af,1,894,894
894,4,6210,6238,7cf7039e87da73ee,208,663cd04a06110164,1,895,895
895,4,6210,6238,30622995dfd03343,208,663cd04a06110164,1,896,896
896,4,6210,6238,92291f56f738ed64,208,663cd04a06110164,1,897,897
897,4,6210,6238,ec428f4a32504bc6,208,663cd04a06110164,1,898,898
898,4,6210,6238,ba9fc7e5f1dd45ab,208,663cd04a06110164,1,899,899
899,4,6210,6238,f48d3bc4ff79d364,208,663cd04a06110164,1,900,900
900,3,6192,6218,073c305b03244f40,214,bfb0c34fafbe57af,1,901,901
901,4,6210,6238,6ef4bac0429ca777,208,663cd04a06110164,1,902,902
902,4,6210,6238,ce77fe36634e0445,208,663cd04a06110164,1,903,903
903,4,6210,6238,83444afbf3ce9de8,208,663cd04a06110164,1,904,904
904,4,6210,6238,947a3ca924e5b953,208,663cd04a06110164,1,905,905
905,5,7546,7558,e33726743db1461f,217,0ceb85bf0ff37ed3,1,906,906
906,4,6210,6238,bc0e253bc26fcbbb,208,663cd04a06110164,1,907,907
907,4,6210,6238,82f7a30c9b014717,208,663cd04a06110164,1,908,908
908,4,6210,6238,ca354923051b058b,208,663cd04a06110164,1,909,909
909,4,6210,6238,6aaba8876613dead,208,663cd04a06110164,1,910,910
910,4,6210,6238,2730f315536c3a79,208,663cd04a06110164,1,911,911
911,4,6210,6238,73c0987246982d6a,208,663cd04a06110164,1,912,912
912,4,6210,6238,a6fcebee492609f0,208,663cd04a06110164,1,913,913
913,4,6210,6238,0b7206c28d46da93,208,663cd04a06110164,1,914,914
914,4,6210,6238,e944ba712fbf868a,208,663cd04a06110164,1,915,915
915,3,6192,6218,d39b6b4909ddff9b,214,bfb0c34fafbe57af,1,916,916
916,4,6210,6238,76176e6aab942691,208,663cd04a06110164,1,917,917
917,4,6210,6238,25841b13deede283,208,663cd04a06110164,1,918,918
918,5,5130,5158,18fff60bf4a1c395,142,3a338117839958f2,1,919,919
919,4,6210,6238,60b18c5992664eb7,208,663cd04a06110164,1,920,920
920,3,6192,6218,ae40a5a5568cd5f5,214,bfb0c34fafbe57af,1,921,921
921,4,6210,6238,d0eff5415e769477,208,663cd04a06110164,1,922,922
922,4,6210,6238,fed6c86ac8bb431f,208,663cd04a06110164,1,923,923
923,5,5130,5158,844270b23cf98573,142,3a338117839958f2,1,924,924
924,4,6210,6238,d8d5fcb555c9612f,208,663cd04a06110164,1,925,925
925,3,6192,6218,52d90047742c4c03,214,bfb0c34fafbe57af,1,926,926
926,4,6210,6238,de9003dc13ba5db8,208,663cd04a06110164,1,927,927
927,3,6192,6218,d35c4e677c0c9ebe,214,bfb0c34fafbe57af,1,928,928
928,4,6210,6238,c112ca10f8b11191,208,663cd04a06110164,1,929,929
929,5,5130,5158,cc11f3c4e23c890c,142,3a338117839958f2,1,930,930
930,4,6210,6238,ad4a77d1e86414de,208,663cd04a06110164,1,931,931
931,4,6210,6238,bc4cd6987a110f7d,208,663cd04a06110164,1,932,932
932,4,6210,6238,6d6e8aa91bea007c,208,663cd04a06110164,1,933,933
933,4,6210,6238,fa477f2711e88104,208,663cd04a06110164,1,934,934
934,4,6210,6238,76e96578da48b247,208,663cd04a06110164,1,935,935
935,4,6210,6238,2abfff015feee9b5,208,663cd04a06110164,1,936,936
936,4,6210,6238,1d3f19a339810314,208,663cd04a06110164,1,937,937
937,7,4912,4946,0e9178364aea8852,218,e3e70412544775e2,1,938,938
938,4,6210,6238,8e23c829fdcf18c7,208,663cd04a06110164,1,939,939
939,3,6192,6218,3979952cb9c73994,214,bfb0c34fafbe57af,1,940,940
940,4,6210,6238,586825d892aea302,208,663cd04a06110164,1,941,941
941,4,6210,6238,37af8c353cecb078,208,663cd04a06110164,1,942,942
942,4,6210,6238,983852a144dea5d5,208,663cd04a06110164,1,943,943
943,4,6210,6238,5f79c610fcb7fd03,208,663cd04a06110164,1,944,944
944,4,6210,6238,c3b0df7000655679,208,663cd04a06110164,1,945,945
945,3,6192,6218,f8e1c3d9319e26a2,214,bfb0c34fafbe57af,1,946,946
946,4,6210,6238,b974fb059ab7cbdb,208,663cd04a06110164,1,947,947
947,3,5652,5666,38228e466a9c572f,219,43dbd83910333fe0,1,948,948
948,4,6210,6238,ef7ab7b88bf270c1,208,663cd04a06110164,1,949,949
949,3,5652,5666,2e5b9d3395c1554b,219,43dbd83910333fe0,1,950,950
950,5,7546,7558,a9e44053e0f0e854,217,0ceb85bf0ff37ed3,1,951,951
951,4,6210,6238,4eebe44ce0a57624,208,663cd04a06110164,1,952,952
952,4,6210,6238,b7c707a34ec2bd3a,208,663cd04a06110164,1,953,953
953,3,6192,6218,7ad4aa31bd455724,214,bfb0c34fafbe57af,1,954,954
954,4,6210,6238,ae49f617441d85a2,208,663cd04a06110164,1,955,955
955,4,6210,6238,3425e637f9f61748,208,663cd04a06110164,1,956,956
956,3,6192,6218,31b80fd61fd8a4fd,214,bfb0c34fafbe57af,1,957,957
957,4,6210,6238,8c74f1d9b70694c7,208,663cd04a06110164,1,958,958
958,4,6210,6238,62225e706f92e65e,208,663cd04a06110164,1,959,959
959,4,6210,6238,135e728fa3295224,208,663cd04a06110164,1,960,960
960,4,6210,6238,f8e7ecf18b4600ea,208,663cd04a06110164,1,961,961
961,4,6210,6238,09cdb271139d0100,208,663cd04a06110164,1,962,962
962,4,6210,6238,afc49957219ee698,208,663cd04a06110164,1,963,963
963,5,7546,7558,7c40b5775f4a507e,217,0ceb85bf0ff37ed3,1,964,964
964,4,6210,6238,927b673204607b14,208,663cd04a06110164,1,965,965
965,4,6210,6238,11006b6ee0195907,208,663cd04a06110164,1,966,966
966,4,6210,6238,285a9d755af481a6,208,663cd04a06110164,1,967,967
967,4,6210,6238,d893ff26bc5b4e42,208,663cd04a06110164,1,968,968
968,4,6210,6238,19cccf8691682f67,208,663cd04a06110164,1,969,969
969,3,6192,6218,9b2dfd73096a5d5e,214,bfb0c34fafbe57af,1,970,970
970,7,8806,8828,2edb7f2057ce2eb7,220,27580681f705b37b,1,971,971
971,4,6210,6238,4fde42b91b869973,208,663cd04a06110164,1,972,972
972,7,8806,8828,5752dc137b8fc333,220,27580681f705b37b,1,973,973
973,11,8786,8830,6b7564521264f158,221,06991dd961bbfc4e,1,974,974
974,5,7546,7558,b005a03110d8d7f3,217,0ceb85bf0ff37ed3,1,975,975
975,4,6210,6238,9a072d969eda72b3,208,663cd04a06110164,1,976,976
976,3,6192,6218,1db8ba3c5fd5365d,214,bfb0c34fafbe57af,1,977,977
977,3,6192,6218,34e87984d948ab79,214,bfb0c34fafbe57af,1,978,978
978,11,8786,8830,d2bd79cc6742616c,221,06991dd961bbfc4e,1,979,979
979,4,6210,6238,1c742f0c29956606,208,663cd04a06110164,1,980,980
980,5,5130,5158,cffc1133f962e148,142,3a338117839958f2,1,981,981
981,4,6210,6238,26202ce68f45f285,208,663cd04a06110164,1,982,982
982,3,6192,6218,f3423abbffb778ba,214,bfb0c34fafbe57af,1,983,983
983,7,8806,8828,90193ec45275cfde,220,27580681f705b37b,1,984,984
984,4,6210,6238,a90b196ff652337e,208,663cd04a06110164,1,985,985
985,4,6210,6238,3170a571972fee3a,208,663cd04a06110164,1,986,986
986,4,6210,6238,d4f33916516ad985,208,663cd04a06110164,1,987,987
987,4,6210,6238,82e587d88cca6b52,208,663cd04a06110164,1,988,988
988,11,8786,8830,fe0ad7a7f60273f1,221,06991dd961bbfc4e,1,989,989
989,4,6210,6238,0c100e89fb3a0635,208,663cd04a06110164,1,990,990
990,11,8786,8830,0b21771b55e49caf,222,233aa605a3c5c08e,1,991,991
991,7,8806,8828,d5652d235685359d,220,27580681f705b37b,1,992,992
992,4,6210,6238,f67152f429c36edb,208,663cd04a06110164,1,993,993
993,3,6192,6218,06abc27e9dd94c5b,214,bfb0c34fafbe57af,1,994,994
994,11,8786,8830,803ca659d26d92b0,221,06991dd961bbfc4e,1,995,995
995,11,8786,8830,3727f2605f4ea221,221,06991dd961bbfc4e,1,996,996
996,7,8806,8828,1abb0e0f699a679c,220,27580681f705b37b,1,997,997
997,7,8806,8828,4e81a57f6719a3e5,220,27580681f705b37b,1,998,998
998,11,8786,8830,959e42bba7ebe3c8,221,06991dd961bbfc4e,1,999,999
999,4,6210,6238,63833964eb8e128a,208,663cd04a06110164,1,1000,1000
1000,11,8786,8830,6c3bc01c3f66a880,222,233aa605a3c5c08e,1,1001,1001
1001,11,8786,8830,55c05353a07a3cc7,221,06991dd961bbfc4e,1,1002,1002
1002,7,8806,8828,864418049568f19e,220,27580681f705b37b,1,1003,1003
1003,7,8806,8828,1a2373a0238a5a6e,220,27580681f705b37b,1,1004,1004
1004,11,8786,8830,5cb8e06b4821bc66,222,233aa605a3c5c08e,1,1005,1005
1005,7,8806,8828,04d705476134e08c,220,27580681f705b37b,1,1006,1006
1006,4,6210,6238,42b3766303eaee40,208,663cd04a06110164,1,1007,1007
1007,3,6192,6218,7602cf89ae4736fa,214,bfb0c34fafbe57af,1,1008,1008
1008,11,8786,8830,1149740c767d8a3f,222,233aa605a3c5c08e,1,1009,1009
1009,7,8806,8828,576537875743a2d7,220,27580681f705b37b,1,1010,1010
1010,11,8786,8830,f45283ca1fbc4e38,222,233aa605a3c5c08e,1,1011,1011
1011,11,8786,8830,ca59f68fdb1b5d9b,221,06991dd961bbfc4e,1,1012,1012
1012,11,8786,8830,a2bea1e5b725b4cf,221,06991dd961bbfc4e,1,1013,1013
1013,11,8786,8830,3acb4df001b2f55e,222,233aa605a3c5c08e,1,1014,1014
1014,7,8806,8828,bd07995eb3bd6bd8,220,27580681f705b37b,1,1015,1015
1015,4,6210,6238,41894d5032aab207,208,663cd04a06110164,1,1016,1016
1016,11,8786,8830,c89efb1eba2d6bd0,222,233aa605a3c5c08e,1,1017,1017
1017,11,8786,8830,b560b3c3e01ed832,222,233aa605a3c5c08e,1,1018,1018
1018,11,8786,8830,5bade57e1cd24063,222,233aa605a3c5c08e,1,1019,1019
1019,11,8786,8830,a0bcf1f22e05c33d,221,06991dd961bbfc4e,1,1020,1020
1020,3,6192,6218,a1b99b6ebd70a4f5,214,bfb0c34fafbe57af,1,1021,1021
1021,7,8806,8828,5dbf7d8f74e30c36,220,27580681f705b37b,1,1022,1022
1022,7,8806,8828,767be0973e3c2601,220,27580681f705b37b,1,1023,1023
1023,7,8806,8828,59312bca498b73c5,220,27580681f705b37b,1,1024,1024
1024,7,8806,8828,d65392d3dcff45be,220,27580681f705b37b,1,1025,1025
1025,11,8786,8830,0a72af101a3ba070,222,233aa605a3c5c08e,1,1026,1026
1026,11,8786,8830,10f8f768912798f9,221,06991dd961bbfc4e,1,1027,1027
1027,11,8786,8830,d61d7cc9963db5b7,221,06991dd961bbfc4e,1,1028,1028
1028,4,6210,6238,806f9417a0a53392,208,663cd04a06110164,1,1029,1029
1029,11,8786,8830,f43f965f68af8a73,222,233aa605a3c5c08e,1,1030,1030
1030,4,6210,6238,1419bea9bd7702a0,208,663cd04a06110164,1,1031,1031
1031,11,8786,8830,96d26af23816d6ed,222,233aa605a3c5c08e,1,1032,1032
1032,7,8806,8828,7598d969810b8b16,220,27580681f705b37b,1,1033,1033
1033,11,8786,8830,c39aa8c2a8529ceb,222,233aa605a3c5c08e,1,1034,1034
1034,7,8806,8828,3ca50c87abd3da14,220,27580681f705b37b,1,1035,1035
1035,7,8806,8828,39be9772acdcceec,220,27580681f705b37b,1,1036,1036
1036,4,6210,6238,14d420e895ea9a06,208,663cd04a06110164,1,1037,1037
1037,7,8806,8828,547818dd8a80d6bb,220,27580681f705b37b,1,1038,1038
1038,11,8786,8830,39021a9fe86987a9,221,06991dd961bbfc4e,1,1039,1039
1039,4,6210,6238,7832b1470abc95f4,208,663cd04a06110164,1,1040,1040
1040,11,8786,8830,822445b65de28293,221,06991dd961bbfc4e,1,1041,1041
1041,7,8806,8828,459dc16827da390c,220,27580681f705b37b,1,1042,1042
1042,11,8786,8830,4a593b3d0ef52daf,221,06991dd961bbfc4e,1,1043,1043
1043,11,8786,8830,891f60600e07a467,222,233aa605a3c5c08e,1,1044,1044
1044,7,8806,8828,7178fb976864d13d,220,27580681f705b37b,1,1045,1045
1045,7,8806,8828,8c0eead25bb929f1,220,27580681f705b37b,1,1046,1046
1046,7,8806,8828,d2b0463d91dc087c,220,27580681f705b37b,1,1047,1047
1047,11,8786,8830,d7db8c4fe8e3d69b,222,233aa605a3c5c08e,1,1048,1048
1048,11,8786,8830,8157867021ef8de1,221,06991dd961bbfc4e,1,1049,1049
1049,7,8806,8828,3afcf2e20473e325,220,27580681f705b37b,1,1050,1050
1050,11,8786,8830,21338e4868edc5ef,222,233aa605a3c5c08e,1,1051,1051
1051,7,8806,8828,3ce7acb297c3ff7c,220,27580681f705b37b,1,1052,1052
1052,11,8786,8830,e539856a1d760134,222,233aa605a3c5c08e,1,1053,1053
1053,7,8806,8828,e3dbe77088ed45e3,220,27580681f705b37b,1,1054,1054
1054,11,8786,8830,1fe9bab74e581338,221,06991dd961bbfc4e,1,1055,1055
1055,11,8786,8830,a4893b81f21d0b93,221,06991dd961bbfc4e,1,1056,1056
1056,7,8806,8828,1726f9c780ae6c9b,220,27580681f705b37b,1,1057,1057
1057,11,8786,8830,ab6b0df447f6677f,221,06991dd961bbfc4e,1,1058,1058
1058,7,8806,8828,935ce141d115b8d1,220,27580681f705b37b,1,1059,1059
1059,12,8474,8534,05ea2d015072e9af,223,0a7b46bc000771f5,1,1060,1060
1060,11,8786,8830,1c7879ac5d84ab0c,222,233aa605a3c5c08e,1,1061,1061
1061,39,8480,8578,6d01d13131baca05,224,18a896a38943a691,1,1062,1062
1062,9,8494,8530,48ee38df1b11a7fb,225,9a0c4dac90a82658,1,1063,1063
1063,11,8786,8830,f41269090c5dca56,221,06991dd961bbfc4e,1,1064,1064
1064,3,6192,6218,6e9c0be6f1587f3d,214,bfb0c34fafbe57af,1,1065,1065
1065,20,8514,8572,e6eeb6f49001fce1,226,7c96ff555da678ca,1,1066,1066
1066,7,8806,8828,b92061de7350f4d7,220,27580681f705b37b,1,1067,1067
1067,7,8540,8574,e1044ebb8cc39fe8,227,8bb24634059d60de,1,1068,1068
1068,11,8786,8830,f08f8fb91d105e94,222,233aa605a3c5c08e,1,1069,1069
1069,7,8806,8828,d00a0857e7f55fad,220,27580681f705b37b,1,1070,1070
1070,4,8554,8566,e3023c658aa53396,228,34353f524f625c86,1,1071,1071
1071,11,8786,8830,e72cf5da7f2f8000,222,233aa605a3c5c08e,1,1072,1072
1072,7,8806,8828,075452f90e48b503,220,27580681f705b37b,1,1073,1073
1073,8,8608,8634,88262e259623a518,229,7c1bc18fe1798f78,1,1074,1074
1074,12,8604,8654,42e1b4a4c967a645,230,527ff10ca6668f6e,1,1075,1075
1075,4,6210,6238,bb641ba5fad7d02a,208,663cd04a06110164,1,1076,1076
1076,11,8786,8830,e52ca6a220ae8fc6,222,233aa605a3c5c08e,1,1077,1077
1077,11,8786,8830,03ad111e941873c7,222,233aa605a3c5c08e,1,1078,1078
1078,11,8786,8830,d7d6615f476af0f8,221,06991dd961bbfc4e,1,1079,1079
1079,11,8786,8830,27c832fcf1eadb26,222,233aa605a3c5c08e,1,1080,1080
1080,7,8806,8828,93fd6bd6227e9abc,220,27580681f705b37b,1,1081,1081
1081,91,8626,8830,c2189a7767d6ffb4,231,dde093a7dd2e50c2,1,1082,1082
1082,7,8806,8828,bdfd1a373d2cb879,220,27580681f705b37b,1,1083,1083
1083,11,8786,8830,074816398659cfd0,222,233aa605a3c5c08e,1,1084,1084
1084,7,8806,8828,e39441f33b2c97e2,220,27580681f705b37b,1,1085,1085
1085,3,8700,8728,b15e1f796590c3e3,232,cfa38c78c02b136b,1,1086,1086
1086,11,8786,8830,dd4b585f52c74b49,222,233aa605a3c5c08e,1,1087,1087
1087,7,8806,8828,85900ad12ce907f4,220,27580681f705b37b,1,1088,1088
1088,11,8786,8830,352a0c0c038ce634,222,233aa605a3c5c08e,1,1089,1089
1089,11,8786,8830,9c376fbed875028d,222,233aa605a3c5c08e,1,1090,1090
1090,4,6210,6238,a960618c43931a58,208,663cd04a06110164,1,1091,1091
1091,11,8786,8830,859c374bb0773877,222,233aa605a3c5c08e,1,1092,1092
1092,7,8806,8828,1bceeb5fd37fa233,220,27580681f705b37b,1,1093,1093
1093,7,8806,8828,e62ce00a71800a67,220,27580681f705b37b,1,1094,1094
1094,11,8786,8830,c0c88fd0ffc52712,221,06991dd961bbfc4e,1,1095,1095
1095,11,8786,8830,802f7d9418d0663e,222,233aa605a3c5c08e,1,1096,1096
1096,11,8786,8834,29bc93c99dd4ee70,233,f13e55fb552e5089,1,1097,1097
1097,11,8786,8830,19d772cf6907a922,221,06991dd961bbfc4e,1,1098,1098
1098,8,8786,8830,44d541d14cf63f49,234,28fc346f28fa3b65,1,1099,1099
1099,5,7546,7558,09aaec5ce0febc05,217,0ceb85bf0ff37ed3,1,1100,1100
1100,2,9028,9032,b5cf9ec2aaf1df30,235,d000c2f2d030b790,1,1101,1101
1101,5,8814,8828,1079aadb4b148b65,236,4aa7a8ca077c6d65,1,1102,1102
1102,1,8824,8824,f87a71f7032cd3ec,237,033e681b60192555,1,1103,1103
1103,2,8868,8872,e7e40cce16009808,238,bdf6767d0fd7e45c,1,1104,1104
1104,4,6210,6238,06ba7a760f9c073b,208,663cd04a06110164,1,1105,1105
1105,4,6210,6238,a7871a9320e000ed,208,663cd04a06110164,1,1106,1106
1106,2,8868,8872,799c6b0209d1fdaf,238,bdf6767d0fd7e45c,1,1107,1107
1107,2,8868,8872,6a53dbcc3d18a997,238,bdf6767d0fd7e45c,1,1108,1108
1108,4,6210,6238,6a736d7f3a6e204f,208,663cd04a06110164,1,1109,1109
1109,16,8906,8958,dbe2c7140b22780c,239,54b19cda332edd93,1,1110,1110
1110,4,6210,6238,758e96e86ec3dc72,208,663cd04a06110164,1,1111,1111
1111,16,8906,8958,6987e6d9556a3cd3,239,54b19cda332edd93,1,1112,1112
1112,20,8922,9004,808855132680bb4f,240,283f74678a625ac0,1,1113,1113
1113,4,9394,9406,36b9ac7c7d511da5,241,2b18de36d3521a18,1,1114,1114
1114,3,6192,6218,29427aad6c95bc6b,214,bfb0c34fafbe57af,1,1115,1115
1115,4,6210,6238,1bb62626464b6f61,208,663cd04a06110164,1,1116,1116
1116,1,8936,8936,6f490473b919acda,242,236f88f9ce35188e,1,1117,1117
1117,4,6210,6238,9e4b3e6b9402504e,208,663cd04a06110164,1,1118,1118
1118,4,6210,6238,52fe8802ab26dffa,208,663cd04a06110164,1,1119,1119
1119,4,6210,6238,490ed6c8ccfc60a2,208,663cd04a06110164,1,1120,1120
1120,16,9036,9076,61a74852d4a08001,243,90755057d3203de0,1,1121,1121
1121,4,6210,6238,f326a6355877fdc0,208,663cd04a06110164,1,1122,1122
1122,4,6210,6238,c4bb4bb113255f0e,208,663cd04a06110164,1,1123,1123
1123,4,6210,6238,09b11ca0d9e91c3f,208,663cd04a06110164,1,1124,1124
1124,4,6210,6238,b0efd478d3927162,208,663cd04a06110164,1,1125,1125
1125,4,9394,9406,4f264b88d7de5cbf,241,2b18de36d3521a18,1,1126,1126
1126,4,9394,9406,dbe961c27f6b0ff1,241,2b18de36d3521a18,1,1127,1127
1127,5,7546,7558,e888c1a8f3e6eaf4,217,0ceb85bf0ff37ed3,1,1128,1128
1128,10,9042,9076,f90cc2cef6e0bbc8,244,226b7465d85e06de,1,1129,1129
1129,5,7546,7558,396aec9276bf96ed,217,0ceb85bf0ff37ed3,1,1130,1130
1130,4,6210,6238,c6940d2a38f0538f,208,663cd04a06110164,1,1131,1131
1131,4,6210,6238,6ad8779447b018db,208,663cd04a06110164,1,1132,1132
1132,4,6210,6238,f7db334b2f2450dd,208,663cd04a06110164,1,1133,1133
1133,4,6210,6238,c5459e824caadcd6,208,663cd04a06110164,1,1134,1134
1134,5,7546,7558,d23ba2f866f93f46,217,0ceb85bf0ff37ed3,1,1135,1135
1135,4,6210,6238,473058988782a4ab,208,663cd04a06110164,1,1136,1136
1136,5,7546,7558,8936a40fd3c53c46,217,0ceb85bf0ff37ed3,1,1137,1137
1137,4,9394,9406,1a2846d570c16b24,241,2b18de36d3521a18,1,1138,1138
1138,5,7546,7558,8a688b9cae2736f6,217,0ceb85bf0ff37ed3,1,1139,1139
1139,4,9394,9406,b7cd513839fbfcef,241,2b18de36d3521a18,1,1140,1140
1140,4,9394,9406,5d328db9e08e21e7,241,2b18de36d3521a18,1,1141,1141
1141,4,6210,6238,ce86c629ded37dbd,208,663cd04a06110164,1,1142,1142
1142,4,9394,9406,8724307d589fb4d4,241,2b18de36d3521a18,1,1143,1143
1143,4,6210,6238,0e227af1d70ae7b5,208,663cd04a06110164,1,1144,1144
1144,4,9394,9406,6ce37eb7239184a9,241,2b18de36d3521a18,1,1145,1145
1145,4,6210,6238,af6a6178911ea817,208,663cd04a06110164,1,1146,1146
1146,4,9394,9406,65a86e18531810ea,241,2b18de36d3521a18,1,1147,1147
1147,5,7546,7558,3387bed1d67f194a,217,0ceb85bf0ff37ed3,1,1148,1148
1148,5,7546,7558,73b5b4a7833d6a16,217,0ceb85bf0ff37ed3,1,1149,1149
1149,4,9394,9406,11418a1e2e9f2f88,241,2b18de36d3521a18,1,1150,1150
1150,4,9394,9406,51dc13957ffc5ca2,241,2b18de36d3521a18,1,1151,1151
1151,4,9394,9406,81b72613df41fe30,241,2b18de36d3521a18,1,1152,1152
1152,4,9394,9406,899e02f22d6c704f,241,2b18de36d3521a18,1,1153,1153
1153,4,9394,9406,a3c5cfd6540bf4a3,241,2b18de36d3521a18,1,1154,1154
1154,4,6210,6238,4bef7f7b4831641e,208,663cd04a06110164,1,1155,1155
1155,4,9394,9406,30ce5b974d8e33a6,241,2b18de36d3521a18,1,1156,1156
1156,4,9394,9406,e19d4625bef4e755,241,2b18de36d3521a18,1,1157,1157
1157,5,7546,7558,3412b5fd1e68c37b,217,0ceb85bf0ff37ed3,1,1158,1158
1158,4,9394,9406,4af04eafcc9ef4f0,241,2b18de36d3521a18,1,1159,1159
1159,31,9328,9482,2fcae68294a062ae,245,4df824a2b39721fb,1,1160,1160
1160,4,6210,6238,2553e5ddda0bb46a,208,663cd04a06110164,1,1161,1161
1161,4,6210,6238,9e2aca501b2afab3,208,663cd04a06110164,1,1162,1162
1162,3,6192,6218,73a879dea045329b,214,bfb0c34fafbe57af,1,1163,1163
1163,4,9394,9406,c0e2913413efac4b,241,2b18de36d3521a18,1,1164,1164
1164,4,9394,9406,2427e720c2d5f3b3,241,2b18de36d3521a18,1,1165,1165
1165,79,9324,9546,b91b2f3e497e6cba,246,6d65b69485eb6127,1,1166,1166
1166,4,9394,9406,98c918f899a18061,241,2b18de36d3521a18,1,1167,1167
1167,4,9394,9406,16f6504d1b0d8a42,241,2b18de36d3521a18,1,1168,1168
1168,4,9394,9406,76edcebe30b2083c,241,2b18de36d3521a18,1,1169,1169
1169,3,9354,9358,d245eef6aca2ee53,247,f9c87b941b27ab82,1,1170,1170
1170,4,6210,6238,76e413a9d17778c3,208,663cd04a06110164,1,1171,1171
1171,4,9394,9406,e8c007c8c7f62e63,241,2b18de36d3521a18,1,1172,1172
1172,4,9394,9406,6d0be2e17010296d,241,2b18de36d3521a18,1,1173,1173
1173,5,7546,7558,81c58fbdb0c8488c,217,0ceb85bf0ff37ed3,1,1174,1174
1174,4,9394,9406,6d4cccad09a8af23,241,2b18de36d3521a18,1,1175,1175
1175,4,6210,6238,bb3bd30406725e7f,208,663cd04a06110164,1,1176,1176
1176,3,6192,6218,108b3ff0973d8858,214,bfb0c34fafbe57af,1,1177,1177
1177,4,9394,9406,b158a4acb5b5396b,241,2b18de36d3521a18,1,1178,1178
1178,4,6210,6238,ea3222b162b14ecd,208,663cd04a06110164,1,1179,1179
1179,4,9394,9406,1df1e1338356d8ce,241,2b18de36d3521a18,1,1180,1180
1180,5,7546,7558,c56724dc7e15d592,217,0ceb85bf0ff37ed3,1,1181,1181
1181,5,7546,7558,7e0752c949367675,217,0ceb85bf0ff37ed3,1,1182,1182
1182,4,9394,9406,f61e943e303b6a30,241,2b18de36d3521a18,1,1183,1183
1183,4,9394,9406,36537b48b3fbbe8d,241,2b18de36d3521a18,1,1184,1184
1184,9,9600,9674,8a284dd280f7d285,248,58f98739bf3d10d8,1,1185,1185
1185,4,6210,6238,9b4fdf840c56c0c2,208,663cd04a06110164,1,1186,1186
1186,5,7546,7558,d871c5c32fc2363c,217,0ceb85bf0ff37ed3,1,1187,1187
1187,4,9394,9406,aa13038692a9b089,241,2b18de36d3521a18,1,1188,1188
1188,4,9394,9406,2149a3e51dda7864,241,2b18de36d3521a18,1,1189,1189
1189,4,6210,6238,f659cfb01a7f9498,208,663cd04a06110164,1,1190,1190
1190,5,7546,7558,f36d6f7b65ca6dca,217,0ceb85bf0ff37ed3,1,1191,1191
1191,32,9576,9674,a6ee6103350e37b5,249,dfeb70c09360b89c,1,1192,1192
1192,5,7546,7558,5821a2179115388d,217,0ceb85bf0ff37ed3,1,1193,1193
1193,4,9394,9406,f709cb0dff673f00,241,2b18de36d3521a18,1,1194,1194
1194,4,9394,9406,9e526a4ee4e20786,241,2b18de36d3521a18,1,1195,1195
1195,5,7546,7558,3f5ed5215ec707a0,217,0ceb85bf0ff37ed3,1,1196,1196
1196,4,6210,6238,edb75852ec7dcc66,208,663cd04a06110164,1,1197,1197
1197,5,7546,7558,e9a47922ab274360,217,0ceb85bf0ff37ed3,1,1198,1198
1198,5,7546,7558,38ddfaa94bd51a5e,217,0ceb85bf0ff37ed3,1,1199,1199
1199,4,9394,9406,d14b78891a8df15e,241,2b18de36d3521a18,1,1200,1200
1200,4,9394,9406,41d4faae96449a7f,241,2b18de36d3521a18,1,1201,1201
1201,28,9608,9682,e43482d13c4e703c,250,d8c45a66ccba657b,1,1202,1202
1202,5,7546,7558,af85f0f2c018bf41,217,0ceb85bf0ff37ed3,1,1203,1203
1203,4,9394,9406,acf8dc2d996af33e,241,2b18de36d3521a18,1,1204,1204
1204,4,9394,9406,441988d19a3c0540,241,2b18de36d3521a18,1,1205,1205
1205,4,9394,9406,7424a7abc350848d,241,2b18de36d3521a18,1,1206,1206
1206,4,9394,9406,066a96f9f9d8ec52,241,2b18de36d3521a18,1,1207,1207
1207,4,9394,9406,f278cb6df75de403,241,2b18de36d3521a18,1,1208,1208
1208,4,6210,6238,388d943202ef49d2,208,663cd04a06110164,1,1209,1209
1209,4,9394,9406,6cdf2b015a00127c,241,2b18de36d3521a18,1,1210,1210
1210,4,9394,9406,43b61caf2466fcfd,241,2b18de36d3521a18,1,1211,1211
1211,5,7546,7558,a9f41e961810356e,217,0ceb85bf0ff37ed3,1,1212,1212
1212,4,6210,6238,1d9c779cf9459261,208,663cd04a06110164,1,1213,1213
1213,5,7546,7558,4932e16aa4c6f15f,217,0ceb85bf0ff37ed3,1,1214,1214
1214,4,9394,9406,1ab4c908cc72d515,241,2b18de36d3521a18,1,1215,1215
1215,4,9394,9406,43743ee56f100280,241,2b18de36d3521a18,1,1216,1216
1216,5,7546,7558,4224bb27717d8cdc,217,0ceb85bf0ff37ed3,1,1217,1217
1217,5,7546,7558,85846e9dbb2f9dfd,217,0ceb85bf0ff37ed3,1,1218,1218
1218,4,6210,6238,6dbf2ba83743d6f8,208,663cd04a06110164,1,1219,1219
1219,4,9394,9406,2567f6aaebd29ac2,241,2b18de36d3521a18,1,1220,1220
1220,4,9394,9406,72bd080ce694895c,241,2b18de36d3521a18,1,1221,1221
1221,4,9394,9406,166a5ddf96c2af67,241,2b18de36d3521a18,1,1222,1222
1222,4,6723,6729,edc1934e1987bc58,251,efb6248f2143addd,1,1223,1223
1223,4,9394,9406,b12ae4eacd180f70,241,2b18de36d3521a18,1,1224,1224
1224,4,9394,9406,e2bf104439df64ae,241,2b18de36d3521a18,1,1225,1225
1225,4,6210,6238,413db31e9c23956a,208,663cd04a06110164,1,1226,1226
1226,4,9394,9406,a91a9144d105a7ed,241,2b18de36d3521a18,1,1227,1227
1227,4,9394,9406,1c335c6555c1d071,241,2b18de36d3521a18,1,1228,1228
1228,4,9394,9406,9ee28d9de0192f04,241,2b18de36d3521a18,1,1229,1229
1229,4,9394,9406,38591e4b889621fa,241,2b18de36d3521a18,1,1230,1230
1230,4,9394,9406,ef33a5c66b9d6dc0,241,2b18de36d3521a18,1,1231,1231
1231,5,7546,7558,a2841bcd62f28f67,217,0ceb85bf0ff37ed3,1,1232,1232
1232,4,9394,9406,b7211d4fa332cd8d,241,2b18de36d3521a18,1,1233,1233
1233,4,9394,9406,a657a946e448fa6c,241,2b18de36d3521a18,1,1234,1234
1234,4,9394,9406,b6541a84fd4a49e5,241,2b18de36d3521a18,1,1235,1235
1235,4,9394,9406,2b54bf8c944b4a6d,241,2b18de36d3521a18,1,1236,1236
1236,5,7546,7558,b4f9a3d58b9bad0e,217,0ceb85bf0ff37ed3,1,1237,1237
1237,5,7546,7558,5072a52b432d042e,217,0ceb85bf0ff37ed3,1,1238,1238
1238,4,9394,9406,cab2c7a3717fde73,241,2b18de36d3521a18,1,1239,1239
1239,5,7546,7558,4ff5a5321b70aa4e,217,0ceb85bf0ff37ed3,1,1240,1240
1240,3,10250,10258,312034e8ffaeb90e,252,3da41e0aa2563531,1,1241,1241
1241,11957,5230,17594,39bcba0de2080eb4,253,d609f9babcb3fafb,1,1242,1242
1242,4,9394,9406,cc6f398cc9c00db6,241,2b18de36d3521a18,1,1243,1243
1243,12597,5336,18856,019cc302a8fd1903,254,55e7cb0bf77a4d2e,1,1244,1244
1244,11528,5410,17879,e3f2aad2a25e0e9f,255,eeebaf342c43765f,1,1245,1245
1245,857,9646,11156,a51929695d0c7e11,256,66e0e14c1a55492a,1,1246,1246
1246,12273,5306,18399,91a4984c86573876,257,00191cb914cf5df4,1,1247,1247
1247,5,7546,7558,8b79b21ec33d18eb,217,0ceb85bf0ff37ed3,1,1248,1248
1248,1112,9522,11034,8424d3ffa2881db3,258,cf3b3e2c8b1810e5,1,1249,1249
1249,294,9882,10522,733de9806e094628,259,c9dd7e26e6683309,1,1250,1250
1250,253,9966,10538,54b33ded0cc8af09,260,8697e48798eced4f,1,1251,1251
1251,132,10024,10334,d4673a6b88ba59f4,261,3a5f01e91d8ae7f3,1,1252,1252
1252,176,10010,10390,87c66eae1f32f956,262,c5c709644d1d7f00,1,1253,1253
1253,189,10044,10562,1341d641e5d5cc5a,263,00602af8e5c128d6,1,1254,1254
1254,126,10044,10330,58d5ade475b0e5e0,264,8c943d4a0f9d3c7b,1,1255,1255
1255,88,10044,10248,f87698915c05eb90,265,a81169859189bcfa,1,1256,1256
1256,111,10058,10398,c84e50fd8221e1e2,266,ae6007062ede0310,1,1257,1257
1257,87,10066,10326,04261a13245c1157,267,9b0f1428a702c039,1,1258,1258
1258,25,10098,10196,0db02259ecc52c70,268,20a1d7ddde9a7b8b,1,1259,1259
1259,26,10086,10196,60c587a65446c09f,269,b630cde8e6bd1219,1,1260,1260
1260,39,10088,10196,d05da4804457ea33,270,9965035428dfcf69,1,1261,1261
1261,5,7546,7558,dd55fa3a6dc119f5,217,0ceb85bf0ff37ed3,1,1262,1262
1262,4,9394,9406,0365ceba86454e06,241,2b18de36d3521a18,1,1263,1263
1263,45,10104,10238,22db897757775dbd,271,516c4803014d6404,1,1264,1264
1264,13,10130,10196,fd538b179f2c3ff9,272,71743cb8e8b7bfad,1,1265,1265
1265,51,10110,10262,49ad22ea0993502d,273,28ed48dedbd6c6aa,1,1266,1266
1266,27,10146,10262,80aa4310de422cf2,274,e84e870fb3bc27f4,1,1267,1267
1267,39,10138,10262,b186a26131f4b1ee,275,1156fccfed8ecc16,1,1268,1268
1268,28,10136,10214,603f512b880c08d0,276,18801c3449c0a2ef,1,1269,1269
1269,20,10260,10326,6823c2441834df93,277,c47a0b1a6fb46e0d,1,1270,1270
1270,5,10166,10196,9a4e7ea6db9354df,278,b1cd651c41956abd,1,1271,1271
1271,25,10160,10262,dea0a07d27e740e9,279,190adadfcf72d9db,1,1272,1272
1272,3,10250,10258,4b6ba2919f13b8c4,252,3da41e0aa2563531,1,1273,1273
1273,7,10184,10202,38de73c6ddfc7af9,280,de3f7da4fc74f2a8,1,1274,1274
1274,7,10184,10202,e78a6715afc89fe1,280,de3f7da4fc74f2a8,1,1275,1275
1275,3,10194,10198,f58b17e96a3c99f6,281,41b7e8a8012e6519,1,1276,1276
1276,3,10194,10198,8c59659f85987d1f,281,41b7e8a8012e6519,1,1277,1277
1277,3,10250,10258,405906ecc4eeef9f,252,3da41e0aa2563531,1,1278,1278
1278,4,9394,9406,6d2992d88fad6985,241,2b18de36d3521a18,1,1279,1279
1279,3,10250,10258,595e0950c7002be9,252,3da41e0aa2563531,1,1280,1280
1280,4,9394,9406,bfd53bd3d1b39624,241,2b18de36d3521a18,1,1281,1281
1281,13,10266,10322,ef21120c6eeb2d9f,282,ab896470456051d4,1,1282,1282
1282,12,10266,10322,5c52eb997d78253a,283,4fe63ae8498664aa,1,1283,1283
1283,16,10278,10354,a5ea55848fe87a35,284,18ed28729f904a7d,1,1284,1284
1284,4,9394,9406,ce0b567b2cc0f984,241,2b18de36d3521a18,1,1285,1285
1285,9,10288,10354,edd1411a00ef3014,285,a221108b771b10da,1,1286,1286
1286,3,10194,10198,74555e5a706e2279,281,41b7e8a8012e6519,1,1287,1287
1287,2,10308,10312,a963320b6751e482,286,296a95bc512d1dea,1,1288,1288
1288,4,9394,9406,1df7d6fac982a163,241,2b18de36d3521a18,1,1289,1289
1289,4,10320,10354,fc8a9b22128b833f,287,b500dff8ae10eb80,1,1290,1290
1290,1,10328,10328,b2e23cb3be402ebf,288,ac9bfd3bc2320101,1,1291,1291
1291,4,9394,9406,40820d47cbe88b08,241,2b18de36d3521a18,1,1292,1292
1292,3,10430,10438,b4fd7e0179f33479,289,33ec16a6cca98025,1,1293,1293
1293,3,10430,10438,f85355fc448e0780,289,33ec16a6cca98025,1,1294,1294
1294,3,10430,10438,2fc7bdd3bf45f953,289,33ec16a6cca98025,1,1295,1295
1295,4,6210,6238,58ebba83e2fa1d27,208,663cd04a06110164,1,1296,1296
1296,3,10430,10438,19e8bd553c917f01,289,33ec16a6cca98025,1,1297,1297
1297,3,10430,10438,967d30123dd809a9,289,33ec16a6cca98025,1,1298,1298
1298,5,7546,7558,3ac5018f21fea8e8,217,0ceb85bf0ff37ed3,1,1299,1299
