m,K,bar_tau,bar_v,cmin,cmax,tau_min,tau_max,range_v
2,7,2.333333,4.666667,4,5,2,3,1
3,18,4.500000,13.500000,12,14,4,6,2
6,38,5.428571,32.571429,30,34,4,8,4
15,122,7.625000,114.375000,112,118,4,10,6
17,122,6.777778,115.222222,112,118,4,10,6
20,122,5.809524,116.190476,114,118,4,8,4
21,122,5.545455,116.454545,112,118,4,10,6
35,159,4.416667,154.583333,144,157,2,15,13
36,306,8.270270,297.729730,288,302,4,18,14
37,318,8.368421,309.631579,300,314,4,18,14
39,306,7.650000,298.350000,288,302,4,18,14
40,159,3.878049,155.121951,144,157,2,15,13
41,318,7.571429,310.428571,300,314,4,18,14
42,318,7.395349,310.604651,300,314,4,18,14
43,318,7.227273,310.772727,300,314,4,18,14
44,362,8.044444,353.955556,350,358,4,12,8
45,362,7.869565,354.130435,350,358,4,12,8
46,318,6.765957,311.234043,300,314,4,18,14
47,362,7.541667,354.458333,350,358,4,12,8
48,362,7.387755,354.612245,350,358,4,12,8
50,362,7.098039,354.901961,350,358,4,12,8
51,362,6.961538,355.038462,350,358,4,12,8
52,318,6.000000,312.000000,300,314,4,18,14
56,318,5.578947,312.421053,300,314,4,18,14
57,362,6.241379,355.758621,350,358,4,12,8
58,362,6.135593,355.864407,350,358,4,12,8
59,318,5.300000,312.700000,300,314,4,18,14
60,362,5.934426,356.065574,350,358,4,12,8
62,318,5.047619,312.952381,300,314,4,18,14
64,362,5.569231,356.430769,350,358,4,12,8
65,362,5.484848,356.515152,350,358,4,12,8
66,318,4.746269,313.253731,300,314,4,18,14
67,362,5.323529,356.676471,350,358,4,12,8
69,362,5.171429,356.828571,350,358,4,12,8
70,362,5.098592,356.901408,350,358,4,12,8
72,318,4.356164,313.643836,300,314,4,18,14
73,362,4.891892,357.108108,350,358,4,12,8
74,506,6.746667,499.253333,496,502,4,10,6
75,362,4.763158,357.236842,350,358,4,12,8
77,506,6.487179,499.512821,496,502,4,10,6
78,506,6.405063,499.594937,496,502,4,10,6
83,506,6.023810,499.976190,496,502,4,10,6
84,506,5.952941,500.047059,496,502,4,10,6
85,339,3.941860,335.058140,324,337,2,15,13
86,506,5.816092,500.183908,496,502,4,10,6
87,506,5.750000,500.250000,496,502,4,10,6
88,666,7.483146,658.516854,656,662,4,10,6
89,750,8.333333,741.666667,720,746,4,30,26
90,506,5.560440,500.439560,496,502,4,10,6
92,666,7.161290,658.838710,656,662,4,10,6
93,666,7.085106,658.914894,656,662,4,10,6
94,750,7.894737,742.105263,720,746,4,30,26
95,666,6.937500,659.062500,656,662,4,10,6
96,750,7.731959,742.268041,720,746,4,30,26
97,770,7.857143,762.142857,762,766,4,8,4
98,750,7.575758,742.424242,720,746,4,30,26
99,816,8.160000,807.840000,792,808,8,24,16
100,816,8.079208,807.920792,804,808,8,12,4
101,770,7.549020,762.450980,762,766,4,8,4
119,962,8.016667,953.983333,950,958,4,12,8
134,1082,8.014815,1073.985185,1072,1074,8,10,2
138,750,5.395683,744.604317,720,746,4,30,26
145,750,5.136986,744.863014,720,746,4,30,26
147,770,5.202703,764.797297,762,766,4,8,4
149,762,5.080000,756.920000,752,758,4,10,6
152,770,5.032680,764.967320,762,766,4,8,4
153,750,4.870130,745.129870,720,746,4,30,26
169,1350,7.941176,1342.058824,1332,1346,4,18,14
178,1350,7.541899,1342.458101,1332,1346,4,18,14
180,1442,7.966851,1434.033149,1434,1438,4,8,4
186,1470,7.860963,1462.139037,1452,1466,4,18,14
196,1350,6.852792,1343.147208,1332,1346,4,18,14
213,1710,7.990654,1702.009346,1692,1706,4,18,14
215,1350,6.250000,1343.750000,1332,1346,4,18,14
216,1350,6.221198,1343.778802,1332,1346,4,18,14
218,1350,6.164384,1343.835616,1332,1346,4,18,14
219,1350,6.136364,1343.863636,1332,1346,4,18,14
220,1350,6.108597,1343.891403,1332,1346,4,18,14
228,1350,5.895197,1344.104803,1332,1346,4,18,14
232,1350,5.793991,1344.206009,1332,1346,4,18,14
233,1350,5.769231,1344.230769,1332,1346,4,18,14
235,1710,7.245763,1702.754237,1692,1706,4,18,14
246,1710,6.923077,1703.076923,1692,1706,4,18,14
261,1350,5.152672,1344.847328,1332,1346,4,18,14
263,1350,5.113636,1344.886364,1332,1346,4,18,14
266,1350,5.056180,1344.943820,1332,1346,4,18,14
267,2046,7.634328,2038.365672,2028,2042,4,18,14
271,1350,4.963235,1345.036765,1332,1346,4,18,14
277,1350,4.856115,1345.143885,1332,1346,4,18,14
282,2046,7.229682,2038.770318,2028,2042,4,18,14
283,1350,4.753521,1345.246479,1332,1346,4,18,14
284,1350,4.736842,1345.263158,1332,1346,4,18,14
285,2638,9.223776,2628.776224,2622,2630,8,16,8
288,2046,7.079585,2038.920415,2028,2042,4,18,14
289,2046,7.055172,2038.944828,2028,2042,4,18,14
290,2638,9.065292,2628.934708,2622,2630,8,16,8
292,2046,6.982935,2039.017065,2028,2042,4,18,14
294,2638,8.942373,2629.057627,2622,2630,8,16,8
297,2638,8.852349,2629.147651,2622,2630,8,16,8
299,1350,4.500000,1345.500000,1332,1346,4,18,14
301,2378,7.874172,2370.125828,2366,2374,4,12,8
305,2046,6.686275,2039.313725,2028,2042,4,18,14
306,2638,8.592834,2629.407166,2622,2630,8,16,8
308,2638,8.537217,2629.462783,2622,2630,8,16,8
309,2638,8.509677,2629.490323,2622,2630,8,16,8
310,2638,8.482315,2629.517685,2622,2630,8,16,8
311,2638,8.455128,2629.544872,2622,2630,8,16,8
313,2638,8.401274,2629.598726,2622,2630,8,16,8
314,2638,8.374603,2629.625397,2622,2630,8,16,8
315,2638,8.348101,2629.651899,2622,2630,8,16,8
316,2638,8.321767,2629.678233,2622,2630,8,16,8
317,2638,8.295597,2629.704403,2622,2630,8,16,8
319,2638,8.243750,2629.756250,2622,2630,8,16,8
321,2046,6.354037,2039.645963,2028,2042,4,18,14
323,2046,6.314815,2039.685185,2028,2042,4,18,14
324,2638,8.116923,2629.883077,2622,2630,8,16,8
325,2638,8.092025,2629.907975,2622,2630,8,16,8
326,2046,6.256881,2039.743119,2028,2042,4,18,14
327,2046,6.237805,2039.762195,2028,2042,4,18,14
329,2046,6.200000,2039.800000,2028,2042,4,18,14
332,2046,6.144144,2039.855856,2028,2042,4,18,14
336,2378,7.056380,2370.943620,2366,2374,4,12,8
338,2378,7.014749,2370.985251,2366,2374,4,12,8
341,2046,5.982456,2040.017544,2028,2042,4,18,14
347,2046,5.879310,2040.120690,2028,2042,4,18,14
353,2046,5.779661,2040.220339,2028,2042,4,18,14
358,2046,5.699164,2040.300836,2028,2042,4,18,14
359,2378,6.605556,2371.394444,2366,2374,4,12,8
361,2046,5.651934,2040.348066,2028,2042,4,18,14
362,2378,6.550964,2371.449036,2366,2374,4,12,8
364,2046,5.605479,2040.394521,2028,2042,4,18,14
367,2378,6.461957,2371.538043,2366,2374,4,12,8
370,2046,5.514825,2040.485175,2028,2042,4,18,14
371,2046,5.500000,2040.500000,2028,2042,4,18,14
378,2046,5.398417,2040.601583,2028,2042,4,18,14
382,2046,5.342037,2040.657963,2028,2042,4,18,14
388,2046,5.259640,2040.740360,2028,2042,4,18,14
391,2046,5.219388,2040.780612,2028,2042,4,18,14
393,2046,5.192893,2040.807107,2028,2042,4,18,14
395,2046,5.166667,2040.833333,2028,2042,4,18,14
396,2378,5.989924,2372.010076,2366,2374,4,12,8
401,2378,5.915423,2372.084577,2366,2374,4,12,8
403,2378,5.886139,2372.113861,2366,2374,4,12,8
408,2378,5.814181,2372.185819,2366,2374,4,12,8
409,2046,4.990244,2041.009756,2028,2042,4,18,14
411,2378,5.771845,2372.228155,2366,2374,4,12,8
415,2046,4.918269,2041.081731,2028,2042,4,18,14
421,2046,4.848341,2041.151659,2028,2042,4,18,14
423,2378,5.608491,2372.391509,2366,2374,4,12,8
425,2378,5.582160,2372.417840,2366,2374,4,12,8
427,2046,4.780374,2041.219626,2028,2042,4,18,14
430,2522,5.851508,2516.148492,2512,2518,4,10,6
434,2046,4.703448,2041.296552,2028,2042,4,18,14
443,2046,4.608108,2041.391892,2028,2042,4,18,14
446,2046,4.577181,2041.422819,2028,2042,4,18,14
453,2378,5.237885,2372.762115,2366,2374,4,12,8
456,2522,5.518600,2516.481400,2512,2518,4,10,6
459,2378,5.169565,2372.830435,2366,2374,4,12,8
463,2046,4.409483,2041.590517,2028,2042,4,18,14
490,2378,4.843177,2373.156823,2366,2374,4,12,8
516,2642,5.110251,2636.889749,2634,2638,4,8,4
523,4618,8.812977,4609.187023,4602,4612,6,16,10
533,4618,8.647940,4609.352060,4602,4612,6,16,10
536,4302,8.011173,4293.988827,4288,4294,8,14,6
539,4618,8.551852,4609.448148,4602,4612,6,16,10
540,4336,8.014787,4327.985213,4324,4328,8,12,4
541,4350,8.025830,4341.974170,4332,4342,8,18,10
553,4618,8.335740,4609.664260,4602,4612,6,16,10
556,4538,8.147217,4529.852783,4522,4534,4,16,12
562,4618,8.202487,4609.797513,4602,4612,6,16,10
563,4618,8.187943,4609.812057,4602,4612,6,16,10
566,4576,8.070547,4567.929453,4536,4568,8,40,32
567,4618,8.130282,4609.869718,4602,4612,6,16,10
569,4618,8.101754,4609.898246,4602,4612,6,16,10
572,4752,8.293194,4743.706806,4736,4744,8,16,8
573,4618,8.045296,4609.954704,4602,4612,6,16,10
574,4618,8.031304,4609.968696,4602,4612,6,16,10
575,4638,8.052083,4629.947917,4608,4630,8,30,22
576,4638,8.038128,4629.961872,4608,4630,8,30,22
579,5162,8.900000,5153.100000,5130,5158,4,32,28
581,4752,8.164948,4743.835052,4736,4744,8,16,8
583,4752,8.136986,4743.863014,4736,4744,8,16,8
585,5162,8.808874,5153.191126,5130,5158,4,32,28
589,4538,7.691525,4530.308475,4522,4534,4,16,12
591,5162,8.719595,5153.280405,5130,5158,4,32,28
594,5162,8.675630,5153.324370,5130,5158,4,32,28
597,5162,8.632107,5153.367893,5130,5158,4,32,28
603,5162,8.546358,5153.453642,5130,5158,4,32,28
605,4864,8.026403,4855.973597,4840,4856,8,24,16
615,4986,8.094156,4977.905844,4950,4978,8,36,28
616,4986,8.081037,4977.918963,4970,4978,8,16,8
618,5162,8.339257,5153.660743,5130,5158,4,32,28
619,4986,8.041935,4977.958065,4970,4978,8,16,8
620,4986,8.028986,4977.971014,4970,4978,8,16,8
621,4986,8.016077,4977.983923,4970,4978,8,16,8
622,4986,8.003210,4977.996790,4976,4978,8,10,2
624,5162,8.259200,5153.740800,5130,5158,4,32,28
628,5042,8.015898,5033.984102,5022,5036,6,20,14
629,5162,8.193651,5153.806349,5130,5158,4,32,28
631,5162,8.167722,5153.832278,5130,5158,4,32,28
632,5162,8.154818,5153.845182,5130,5158,4,32,28
633,5162,8.141956,5153.858044,5130,5158,4,32,28
636,5162,8.103611,5153.896389,5130,5158,4,32,28
637,5162,8.090909,5153.909091,5130,5158,4,32,28
639,5162,8.065625,5153.934375,5130,5158,4,32,28
640,5162,8.053042,5153.946958,5130,5158,4,32,28
641,5162,8.040498,5153.959502,5130,5158,4,32,28
643,5162,8.015528,5153.984472,5130,5158,4,32,28
644,5162,8.003101,5153.996899,5130,5158,4,32,28
645,5162,7.990712,5154.009288,5130,5158,4,32,28
646,5162,7.978362,5154.021638,5130,5158,4,32,28
647,5162,7.966049,5154.033951,5130,5158,4,32,28
648,5162,7.953775,5154.046225,5130,5158,4,32,28
649,5162,7.941538,5154.058462,5130,5158,4,32,28
650,5162,7.929339,5154.070661,5130,5158,4,32,28
651,5162,7.917178,5154.082822,5130,5158,4,32,28
652,5162,7.905054,5154.094946,5130,5158,4,32,28
653,5162,7.892966,5154.107034,5130,5158,4,32,28
654,5162,7.880916,5154.119084,5130,5158,4,32,28
655,5162,7.868902,5154.131098,5130,5158,4,32,28
656,5162,7.856925,5154.143075,5130,5158,4,32,28
657,5162,7.844985,5154.155015,5130,5158,4,32,28
658,5162,7.833080,5154.166920,5130,5158,4,32,28
659,5162,7.821212,5154.178788,5130,5158,4,32,28
660,5162,7.809380,5154.190620,5130,5158,4,32,28
661,5162,7.797583,5154.202417,5130,5158,4,32,28
662,5162,7.785822,5154.214178,5130,5158,4,32,28
663,5162,7.774096,5154.225904,5130,5158,4,32,28
664,5162,7.762406,5154.237594,5130,5158,4,32,28
665,5162,7.750751,5154.249249,5130,5158,4,32,28
667,3066,4.589820,3061.410180,3056,3062,4,10,6
671,5906,8.788690,5897.211310,5888,5898,8,18,10
672,5162,7.670134,5154.329866,5130,5158,4,32,28
675,5162,7.636095,5154.363905,5130,5158,4,32,28
676,5162,7.624815,5154.375185,5130,5158,4,32,28
677,5162,7.613569,5154.386431,5130,5158,4,32,28
678,5162,7.602356,5154.397644,5130,5158,4,32,28
679,5162,7.591176,5154.408824,5130,5158,4,32,28
682,5162,7.557833,5154.442167,5130,5158,4,32,28
683,3066,4.482456,3061.517544,3056,3062,4,10,6
685,5906,8.609329,5897.390671,5888,5898,8,18,10
686,5906,8.596798,5897.403202,5888,5898,8,18,10
687,5162,7.502907,5154.497093,5130,5158,4,32,28
688,5162,7.492017,5154.507983,5130,5158,4,32,28
689,5162,7.481159,5154.518841,5130,5158,4,32,28
690,5162,7.470333,5154.529667,5130,5158,4,32,28
691,5162,7.459538,5154.540462,5130,5158,4,32,28
692,2922,4.216450,2917.783550,2880,2918,4,42,38
693,5906,8.510086,5897.489914,5888,5898,8,18,10
694,3066,4.411511,3061.588489,3056,3062,4,10,6
696,5162,7.406026,5154.593974,5130,5158,4,32,28
697,5162,7.395415,5154.604585,5130,5158,4,32,28
698,5906,8.449213,5897.550787,5888,5898,8,18,10
699,5906,8.437143,5897.562857,5888,5898,8,18,10
700,5162,7.363766,5154.636234,5130,5158,4,32,28
703,5906,8.389205,5897.610795,5888,5898,8,18,10
706,5906,8.353607,5897.646393,5888,5898,8,18,10
707,5794,8.183616,5785.816384,5778,5788,6,16,10
708,5794,8.172073,5785.827927,5778,5788,6,16,10
710,5794,8.149086,5785.850914,5778,5788,6,16,10
711,5906,8.294944,5897.705056,5888,5898,8,18,10
712,5906,8.283310,5897.716690,5888,5898,8,18,10
715,5906,8.248603,5897.751397,5888,5898,8,18,10
718,5794,8.058414,5785.941586,5778,5788,6,16,10
720,5906,8.191401,5897.808599,5888,5898,8,18,10
721,5906,8.180055,5897.819945,5888,5898,8,18,10
722,5794,8.013831,5785.986169,5778,5788,6,16,10
726,5810,7.991747,5802.008253,5802,5806,4,8,4
727,5906,8.112637,5897.887363,5888,5898,8,18,10
729,5906,8.090411,5897.909589,5888,5898,8,18,10
730,5906,8.079343,5897.920657,5888,5898,8,18,10
731,5906,8.068306,5897.931694,5888,5898,8,18,10
732,5906,8.057299,5897.942701,5888,5898,8,18,10
734,5906,8.035374,5897.964626,5888,5898,8,18,10
735,5906,8.024457,5897.975543,5888,5898,8,18,10
736,5162,7.004071,5154.995929,5130,5158,4,32,28
755,6064,8.021164,6055.978836,6052,6056,8,12,4
756,6064,8.010568,6055.989432,6052,6056,8,12,4
767,6242,8.127604,6233.872396,6210,6238,4,32,28
772,6242,8.075032,6233.924968,6210,6238,4,32,28
773,6242,8.064599,6233.935401,6210,6238,4,32,28
774,6242,8.054194,6233.945806,6210,6238,4,32,28
776,6242,8.033462,6233.966538,6210,6238,4,32,28
777,5162,6.634961,5155.365039,5130,5158,4,32,28
778,6242,8.012837,6233.987163,6210,6238,4,32,28
779,6242,8.002564,6233.997436,6210,6238,4,32,28
780,6242,7.992318,6234.007682,6210,6238,4,32,28
781,6222,7.956522,6214.043478,6192,6218,4,30,26
782,6242,7.971903,6234.028097,6210,6238,4,32,28
783,6242,7.961735,6234.038265,6210,6238,4,32,28
784,6242,7.951592,6234.048408,6210,6238,4,32,28
785,6222,7.916031,6214.083969,6192,6218,4,30,26
786,6242,7.931385,6234.068615,6210,6238,4,32,28
787,5162,6.550761,5155.449239,5130,5158,4,32,28
788,6242,7.911280,6234.088720,6210,6238,4,32,28
789,6242,7.901266,6234.098734,6210,6238,4,32,28
790,6242,7.891277,6234.108723,6210,6238,4,32,28
792,6242,7.871375,6234.128625,6210,6238,4,32,28
793,6242,7.861461,6234.138539,6210,6238,4,32,28
794,6242,7.851572,6234.148428,6210,6238,4,32,28
795,6242,7.841709,6234.158291,6210,6238,4,32,28
796,6242,7.831870,6234.168130,6210,6238,4,32,28
797,6242,7.822055,6234.177945,6210,6238,4,32,28
798,6242,7.812265,6234.187735,6210,6238,4,32,28
799,5162,6.452500,5155.547500,5130,5158,4,32,28
800,6242,7.792759,6234.207241,6210,6238,4,32,28
801,6242,7.783042,6234.216958,6210,6238,4,32,28
803,6242,7.763682,6234.236318,6210,6238,4,32,28
804,6242,7.754037,6234.245963,6210,6238,4,32,28
805,6242,7.744417,6234.255583,6210,6238,4,32,28
806,6242,7.734820,6234.265180,6210,6238,4,32,28
807,6242,7.725248,6234.274752,6210,6238,4,32,28
808,6242,7.715698,6234.284302,6210,6238,4,32,28
809,6242,7.706173,6234.293827,6210,6238,4,32,28
810,6242,7.696671,6234.303329,6210,6238,4,32,28
811,6242,7.687192,6234.312808,6210,6238,4,32,28
812,6242,7.677737,6234.322263,6210,6238,4,32,28
813,6222,7.643735,6214.356265,6192,6218,4,30,26
814,6242,7.658896,6234.341104,6210,6238,4,32,28
815,6242,7.649510,6234.350490,6210,6238,4,32,28
816,6242,7.640147,6234.359853,6210,6238,4,32,28
817,6242,7.630807,6234.369193,6210,6238,4,32,28
818,6242,7.621490,6234.378510,6210,6238,4,32,28
819,6138,7.485366,6130.514634,6128,6134,4,10,6
820,6222,7.578563,6214.421437,6192,6218,4,30,26
821,6242,7.593674,6234.406326,6210,6238,4,32,28
822,6222,7.560146,6214.439854,6192,6218,4,30,26
823,6222,7.550971,6214.449029,6192,6218,4,30,26
824,6242,7.566061,6234.433939,6210,6238,4,32,28
825,6242,7.556901,6234.443099,6210,6238,4,32,28
826,6222,7.523579,6214.476421,6192,6218,4,30,26
827,5162,6.234300,5155.765700,5130,5158,4,32,28
828,6222,7.505428,6214.494572,6192,6218,4,30,26
829,6222,7.496386,6214.503614,6192,6218,4,30,26
830,6242,7.511432,6234.488568,6210,6238,4,32,28
831,6242,7.502404,6234.497596,6210,6238,4,32,28
832,6242,7.493397,6234.506603,6210,6238,4,32,28
833,6242,7.484412,6234.515588,6210,6238,4,32,28
834,6242,7.475449,6234.524551,6210,6238,4,32,28
835,6242,7.466507,6234.533493,6210,6238,4,32,28
836,6242,7.457587,6234.542413,6210,6238,4,32,28
838,6242,7.439809,6234.560191,6210,6238,4,32,28
839,6242,7.430952,6234.569048,6210,6238,4,32,28
840,6242,7.422117,6234.577883,6210,6238,4,32,28
841,6242,7.413302,6234.586698,6210,6238,4,32,28
842,6242,7.404508,6234.595492,6210,6238,4,32,28
843,6242,7.395735,6234.604265,6210,6238,4,32,28
844,6222,7.363314,6214.636686,6192,6218,4,30,26
845,6242,7.378251,6234.621749,6210,6238,4,32,28
846,6242,7.369540,6234.630460,6210,6238,4,32,28
847,6242,7.360849,6234.639151,6210,6238,4,32,28
848,6242,7.352179,6234.647821,6210,6238,4,32,28
849,5162,6.072941,5155.927059,5130,5158,4,32,28
850,6242,7.334900,6234.665100,6210,6238,4,32,28
851,6242,7.326291,6234.673709,6210,6238,4,32,28
852,6242,7.317702,6234.682298,6210,6238,4,32,28
853,6242,7.309133,6234.690867,6210,6238,4,32,28
854,6222,7.277193,6214.722807,6192,6218,4,30,26
855,6222,7.268692,6214.731308,6192,6218,4,30,26
856,6242,7.283547,6234.716453,6210,6238,4,32,28
857,7562,8.813520,7553.186480,7546,7558,4,16,12
858,6242,7.266589,6234.733411,6210,6238,4,32,28
859,6222,7.234884,6214.765116,6192,6218,4,30,26
860,5162,5.995354,5156.004646,5130,5158,4,32,28
861,6222,7.218097,6214.781903,6192,6218,4,30,26
862,5162,5.981460,5156.018540,5130,5158,4,32,28
863,5162,5.974537,5156.025463,5130,5158,4,32,28
864,6242,7.216185,6234.783815,6210,6238,4,32,28
865,6242,7.207852,6234.792148,6210,6238,4,32,28
866,6242,7.199539,6234.800461,6210,6238,4,32,28
868,7562,8.701956,7553.298044,7546,7558,4,16,12
869,6242,7.174713,6234.825287,6210,6238,4,32,28
870,5162,5.926521,5156.073479,5130,5158,4,32,28
871,6242,7.158257,6234.841743,6210,6238,4,32,28
872,6242,7.150057,6234.849943,6210,6238,4,32,28
873,5162,5.906178,5156.093822,5130,5158,4,32,28
874,6242,7.133714,6234.866286,6210,6238,4,32,28
875,6242,7.125571,6234.874429,6210,6238,4,32,28
876,6242,7.117446,6234.882554,6210,6238,4,32,28
877,5162,5.879271,5156.120729,5130,5158,4,32,28
878,6242,7.101251,6234.898749,6210,6238,4,32,28
879,5162,5.865909,5156.134091,5130,5158,4,32,28
880,6242,7.085131,6234.914869,6210,6238,4,32,28
881,6242,7.077098,6234.922902,6210,6238,4,32,28
882,6222,7.046433,6214.953567,6192,6218,4,30,26
883,6242,7.061086,6234.938914,6210,6238,4,32,28
884,6242,7.053107,6234.946893,6210,6238,4,32,28
885,6242,7.045147,6234.954853,6210,6238,4,32,28
886,6242,7.037204,6234.962796,6210,6238,4,32,28
887,6222,7.006757,6214.993243,6192,6218,4,30,26
888,6242,7.021372,6234.978628,6210,6238,4,32,28
889,7562,8.496629,7553.503371,7546,7558,4,16,12
890,6242,7.005612,6234.994388,6210,6238,4,32,28
891,6242,6.997758,6235.002242,6210,6238,4,32,28
892,6242,6.989922,6235.010078,6210,6238,4,32,28
893,6242,6.982103,6235.017897,6210,6238,4,32,28
894,6222,6.951955,6215.048045,6192,6218,4,30,26
895,6242,6.966518,6235.033482,6210,6238,4,32,28
896,6242,6.958751,6235.041249,6210,6238,4,32,28
897,6242,6.951002,6235.048998,6210,6238,4,32,28
898,6242,6.943270,6235.056730,6210,6238,4,32,28
899,6242,6.935556,6235.064444,6210,6238,4,32,28
900,6242,6.927858,6235.072142,6210,6238,4,32,28
901,6222,6.898004,6215.101996,6192,6218,4,30,26
902,6242,6.912514,6235.087486,6210,6238,4,32,28
903,6242,6.904867,6235.095133,6210,6238,4,32,28
904,6242,6.897238,6235.102762,6210,6238,4,32,28
905,6242,6.889625,6235.110375,6210,6238,4,32,28
906,7562,8.337376,7553.662624,7546,7558,4,16,12
907,6242,6.874449,6235.125551,6210,6238,4,32,28
908,6242,6.866887,6235.133113,6210,6238,4,32,28
909,6242,6.859341,6235.140659,6210,6238,4,32,28
910,6242,6.851811,6235.148189,6210,6238,4,32,28
911,6242,6.844298,6235.155702,6210,6238,4,32,28
912,6242,6.836802,6235.163198,6210,6238,4,32,28
913,6242,6.829322,6235.170678,6210,6238,4,32,28
914,6242,6.821858,6235.178142,6210,6238,4,32,28
915,6242,6.814410,6235.185590,6210,6238,4,32,28
916,6222,6.785169,6215.214831,6192,6218,4,30,26
917,6242,6.799564,6235.200436,6210,6238,4,32,28
918,6242,6.792165,6235.207835,6210,6238,4,32,28
919,5162,5.610870,5156.389130,5130,5158,4,32,28
920,6242,6.777416,6235.222584,6210,6238,4,32,28
921,6222,6.748373,6215.251627,6192,6218,4,30,26
922,6242,6.762730,6235.237270,6210,6238,4,32,28
923,6242,6.755411,6235.244589,6210,6238,4,32,28
924,5162,5.580541,5156.419459,5130,5158,4,32,28
925,6242,6.740821,6235.259179,6210,6238,4,32,28
926,6222,6.711974,6215.288026,6192,6218,4,30,26
927,6242,6.726293,6235.273707,6210,6238,4,32,28
928,6222,6.697524,6215.302476,6192,6218,4,30,26
929,6242,6.711828,6235.288172,6210,6238,4,32,28
930,5162,5.544576,5156.455424,5130,5158,4,32,28
931,6242,6.697425,6235.302575,6210,6238,4,32,28
932,6242,6.690247,6235.309753,6210,6238,4,32,28
933,6242,6.683084,6235.316916,6210,6238,4,32,28
934,6242,6.675936,6235.324064,6210,6238,4,32,28
935,6242,6.668803,6235.331197,6210,6238,4,32,28
936,6242,6.661686,6235.338314,6210,6238,4,32,28
937,6242,6.654584,6235.345416,6210,6238,4,32,28
939,6242,6.640426,6235.359574,6210,6238,4,32,28
940,6222,6.612115,6215.387885,6192,6218,4,30,26
941,6242,6.626327,6235.373673,6210,6238,4,32,28
942,6242,6.619300,6235.380700,6210,6238,4,32,28
943,6242,6.612288,6235.387712,6210,6238,4,32,28
944,6242,6.605291,6235.394709,6210,6238,4,32,28
945,6242,6.598309,6235.401691,6210,6238,4,32,28
946,6222,6.570222,6215.429778,6192,6218,4,30,26
947,6242,6.584388,6235.415612,6210,6238,4,32,28
948,5670,5.974710,5664.025290,5652,5666,4,18,14
949,6242,6.570526,6235.429474,6210,6238,4,32,28
950,5670,5.962145,5664.037855,5652,5666,4,18,14
951,7562,7.943277,7554.056723,7546,7558,4,16,12
952,6242,6.549843,6235.450157,6210,6238,4,32,28
953,6242,6.542977,6235.457023,6210,6238,4,32,28
954,6222,6.515183,6215.484817,6192,6218,4,30,26
955,6242,6.529289,6235.470711,6210,6238,4,32,28
956,6242,6.522466,6235.477534,6210,6238,4,32,28
957,6222,6.494781,6215.505219,6192,6218,4,30,26
958,6242,6.508863,6235.491137,6210,6238,4,32,28
959,6242,6.502083,6235.497917,6210,6238,4,32,28
960,6242,6.495317,6235.504683,6210,6238,4,32,28
961,6242,6.488565,6235.511435,6210,6238,4,32,28
962,6242,6.481828,6235.518172,6210,6238,4,32,28
963,6242,6.475104,6235.524896,6210,6238,4,32,28
964,7562,7.836269,7554.163731,7546,7558,4,16,12
965,6242,6.461698,6235.538302,6210,6238,4,32,28
966,6242,6.455016,6235.544984,6210,6238,4,32,28
967,6242,6.448347,6235.551653,6210,6238,4,32,28
968,6242,6.441692,6235.558308,6210,6238,4,32,28
969,6242,6.435052,6235.564948,6210,6238,4,32,28
970,6222,6.407827,6215.592173,6192,6218,4,30,26
972,6242,6.415211,6235.584789,6210,6238,4,32,28
975,7562,7.747951,7554.252049,7546,7558,4,16,12
976,6242,6.388946,6235.611054,6210,6238,4,32,28
977,6222,6.361963,6215.638037,6192,6218,4,30,26
978,6222,6.355465,6215.644535,6192,6218,4,30,26
980,6242,6.362895,6235.637105,6210,6238,4,32,28
981,5162,5.256619,5156.743381,5130,5158,4,32,28
982,6242,6.349949,6235.650051,6210,6238,4,32,28
983,6222,6.323171,6215.676829,6192,6218,4,30,26
985,6242,6.330629,6235.669371,6210,6238,4,32,28
986,6242,6.324215,6235.675785,6210,6238,4,32,28
987,6242,6.317814,6235.682186,6210,6238,4,32,28
988,6242,6.311426,6235.688574,6210,6238,4,32,28
990,6242,6.298688,6235.701312,6210,6238,4,32,28
993,6242,6.279678,6235.720322,6210,6238,4,32,28
994,6222,6.253266,6215.746734,6192,6218,4,30,26
1000,6242,6.235764,6235.764236,6210,6238,4,32,28
1007,6242,6.192460,6235.807540,6210,6238,4,32,28
1008,6222,6.166501,6215.833499,6192,6218,4,30,26
1016,6242,6.137660,6235.862340,6210,6238,4,32,28
1021,6222,6.088063,6215.911937,6192,6218,4,30,26
1029,6242,6.060194,6235.939806,6210,6238,4,32,28
1031,6242,6.048450,6235.951550,6210,6238,4,32,28
1037,6242,6.013487,6235.986513,6210,6238,4,32,28
1040,6242,5.996158,6236.003842,6210,6238,4,32,28
1065,6222,5.836773,6216.163227,6192,6218,4,30,26
1071,8570,7.994403,8562.005597,8554,8566,4,16,12
1076,6242,5.795729,6236.204271,6210,6238,4,32,28
1086,8736,8.036799,8727.963201,8700,8728,8,36,28
1091,6242,5.716117,6236.283883,6210,6238,4,32,28
1100,7562,6.868302,7555.131698,7546,7558,4,16,12
1101,9040,8.203267,9031.796733,9028,9032,8,12,4
1104,8880,8.036199,8871.963801,8868,8872,8,12,4
1105,6242,5.643761,6236.356239,6210,6238,4,32,28
1106,6242,5.638663,6236.361337,6210,6238,4,32,28
1107,8880,8.014440,8871.985560,8868,8872,8,12,4
1108,8880,8.007214,8871.992786,8868,8872,8,12,4
1109,6242,5.623423,6236.376577,6210,6238,4,32,28
1111,6242,5.613309,6236.386691,6210,6238,4,32,28
1114,9410,8.439462,9401.560538,9394,9406,4,16,12
1115,6222,5.575269,6216.424731,6192,6218,4,30,26
1116,6242,5.588183,6236.411817,6210,6238,4,32,28
1118,6242,5.578195,6236.421805,6210,6238,4,32,28
1119,6242,5.573214,6236.426786,6210,6238,4,32,28
1120,6242,5.568243,6236.431757,6210,6238,4,32,28
1122,6242,5.558326,6236.441674,6210,6238,4,32,28
1123,6242,5.553381,6236.446619,6210,6238,4,32,28
1124,6242,5.548444,6236.451556,6210,6238,4,32,28
1125,6242,5.543517,6236.456483,6210,6238,4,32,28
1126,9410,8.349601,9401.650399,9394,9406,4,16,12
1127,9410,8.342199,9401.657801,9394,9406,4,16,12
1128,7562,6.697963,7555.302037,7546,7558,4,16,12
1130,7562,6.686118,7555.313882,7546,7558,4,16,12
1131,6242,5.514134,6236.485866,6210,6238,4,32,28
1132,6242,5.509267,6236.490733,6210,6238,4,32,28
1133,6242,5.504409,6236.495591,6210,6238,4,32,28
1134,6242,5.499559,6236.500441,6210,6238,4,32,28
1135,7562,6.656690,7555.343310,7546,7558,4,16,12
1136,6242,5.489886,6236.510114,6210,6238,4,32,28
1137,7562,6.644991,7555.355009,7546,7558,4,16,12
1138,9410,8.261633,9401.738367,9394,9406,4,16,12
1139,7562,6.633333,7555.366667,7546,7558,4,16,12
1140,9410,8.247152,9401.752848,9394,9406,4,16,12
1141,9410,8.239930,9401.760070,9394,9406,4,16,12
1142,6242,5.461067,6236.538933,6210,6238,4,32,28
1143,9410,8.225524,9401.774476,9394,9406,4,16,12
1144,6242,5.451528,6236.548472,6210,6238,4,32,28
1145,9410,8.211169,9401.788831,9394,9406,4,16,12
1146,6242,5.442023,6236.557977,6210,6238,4,32,28
1147,9410,8.196864,9401.803136,9394,9406,4,16,12
1148,7562,6.581375,7555.418625,7546,7558,4,16,12
1149,7562,6.575652,7555.424348,7546,7558,4,16,12
1150,9410,8.175500,9401.824500,9394,9406,4,16,12
1151,9410,8.168403,9401.831597,9394,9406,4,16,12
1152,9410,8.161318,9401.838682,9394,9406,4,16,12
1153,9410,8.154246,9401.845754,9394,9406,4,16,12
1154,9410,8.147186,9401.852814,9394,9406,4,16,12
1155,6242,5.399654,6236.600346,6210,6238,4,32,28
1156,9410,8.133103,9401.866897,9394,9406,4,16,12
1157,9410,8.126079,9401.873921,9394,9406,4,16,12
1158,7562,6.524590,7555.475410,7546,7558,4,16,12
1159,9410,8.112069,9401.887931,9394,9406,4,16,12
1161,6242,5.371773,6236.628227,6210,6238,4,32,28
1162,6242,5.367154,6236.632846,6210,6238,4,32,28
1163,6222,5.345361,6216.654639,6192,6218,4,30,26
1164,9410,8.077253,9401.922747,9394,9406,4,16,12
1165,9410,8.070326,9401.929674,9394,9406,4,16,12
1167,9410,8.056507,9401.943493,9394,9406,4,16,12
1168,9410,8.049615,9401.950385,9394,9406,4,16,12
1169,9410,8.042735,9401.957265,9394,9406,4,16,12
1170,9362,7.994876,9354.005124,9354,9358,4,8,4
1171,6242,5.325939,6236.674061,6210,6238,4,32,28
1172,9410,8.022165,9401.977835,9394,9406,4,16,12
1173,9410,8.015332,9401.984668,9394,9406,4,16,12
1174,7562,6.435745,7555.564255,7546,7558,4,16,12
1175,9410,8.001701,9401.998299,9394,9406,4,16,12
1176,6242,5.303314,6236.696686,6210,6238,4,32,28
1177,6222,5.281834,6216.718166,6192,6218,4,30,26
1178,9410,7.981340,9402.018660,9394,9406,4,16,12
1179,6242,5.289831,6236.710169,6210,6238,4,32,28
1180,9410,7.967824,9402.032176,9394,9406,4,16,12
1181,7562,6.397631,7555.602369,7546,7558,4,16,12
1182,7562,6.392223,7555.607777,7546,7558,4,16,12
1183,9410,7.947635,9402.052365,9394,9406,4,16,12
1184,9410,7.940928,9402.059072,9394,9406,4,16,12
1186,6242,5.258635,6236.741365,6210,6238,4,32,28
1187,7562,6.365320,7555.634680,7546,7558,4,16,12
1188,9410,7.914214,9402.085786,9394,9406,4,16,12
1189,9410,7.907563,9402.092437,9394,9406,4,16,12
1190,6242,5.240974,6236.759026,6210,6238,4,32,28
1191,7562,6.343960,7555.656040,7546,7558,4,16,12
1193,7562,6.333333,7555.666667,7546,7558,4,16,12
1194,9410,7.874477,9402.125523,9394,9406,4,16,12
1195,9410,7.867893,9402.132107,9394,9406,4,16,12
1196,7562,6.317460,7555.682540,7546,7558,4,16,12
1197,6242,5.210351,6236.789649,6210,6238,4,32,28
1198,7562,6.306922,7555.693078,7546,7558,4,16,12
1199,7562,6.301667,7555.698333,7546,7558,4,16,12
1200,9410,7.835137,9402.164863,9394,9406,4,16,12
1201,9410,7.828619,9402.171381,9394,9406,4,16,12
1203,7562,6.280731,7555.719269,7546,7558,4,16,12
1204,9410,7.809129,9402.190871,9394,9406,4,16,12
1205,9410,7.802653,9402.197347,9394,9406,4,16,12
1206,9410,7.796189,9402.203811,9394,9406,4,16,12
1207,9410,7.789735,9402.210265,9394,9406,4,16,12
1208,9410,7.783292,9402.216708,9394,9406,4,16,12
1209,6242,5.158678,6236.841322,6210,6238,4,32,28
1210,9410,7.770438,9402.229562,9394,9406,4,16,12
1211,9410,7.764026,9402.235974,9394,9406,4,16,12
1212,7562,6.234130,7555.765870,7546,7558,4,16,12
1213,6242,5.141680,6236.858320,6210,6238,4,32,28
1214,7562,6.223868,7555.776132,7546,7558,4,16,12
1215,9410,7.738487,9402.261513,9394,9406,4,16,12
1216,9410,7.732128,9402.267872,9394,9406,4,16,12
1217,7562,6.208539,7555.791461,7546,7558,4,16,12
1218,7562,6.203445,7555.796555,7546,7558,4,16,12
1219,6242,5.116393,6236.883607,6210,6238,4,32,28
1220,9410,7.706798,9402.293202,9394,9406,4,16,12
1221,9410,7.700491,9402.299509,9394,9406,4,16,12
1222,9410,7.694195,9402.305805,9394,9406,4,16,12
1223,6733,5.500817,6727.499183,6723,6729,4,10,6
1224,9410,7.681633,9402.318367,9394,9406,4,16,12
1225,9410,7.675367,9402.324633,9394,9406,4,16,12
1226,6242,5.087205,6236.912795,6210,6238,4,32,28
1227,9410,7.662866,9402.337134,9394,9406,4,16,12
1228,9410,7.656631,9402.343369,9394,9406,4,16,12
1229,9410,7.650407,9402.349593,9394,9406,4,16,12
1230,9410,7.644192,9402.355808,9394,9406,4,16,12
1231,9410,7.637987,9402.362013,9394,9406,4,16,12
1232,7562,6.133009,7555.866991,7546,7558,4,16,12
1233,9410,7.625608,9402.374392,9394,9406,4,16,12
1234,9410,7.619433,9402.380567,9394,9406,4,16,12
1235,9410,7.613269,9402.386731,9394,9406,4,16,12
1236,9410,7.607114,9402.392886,9394,9406,4,16,12
1237,7562,6.108239,7555.891761,7546,7558,4,16,12
1238,7562,6.103309,7555.896691,7546,7558,4,16,12
1239,9410,7.588710,9402.411290,9394,9406,4,16,12
1240,7562,6.093473,7555.906527,7546,7558,4,16,12
1241,10266,8.265700,10257.734300,10250,10258,8,16,8
1243,9410,7.564309,9402.435691,9394,9406,4,16,12
1248,7562,6.054444,7555.945556,7546,7558,4,16,12
1262,7562,5.987332,7556.012668,7546,7558,4,16,12
1263,9410,7.444620,9402.555380,9394,9406,4,16,12
1273,10266,8.058085,10257.941915,10250,10258,8,16,8
1276,10202,7.989037,10194.010963,10194,10198,4,8,4
1277,10202,7.982786,10194.017214,10194,10198,4,8,4
1278,10266,8.026583,10257.973417,10250,10258,8,16,8
1279,9410,7.351562,9402.648438,9394,9406,4,16,12
1280,10266,8.014052,10257.985948,10250,10258,8,16,8
1281,9410,7.340094,9402.659906,9394,9406,4,16,12
1285,9410,7.317263,9402.682737,9394,9406,4,16,12
1287,10202,7.920807,10194.079193,10194,10198,4,8,4
1288,10320,8.006206,10311.993794,10308,10312,8,12,4
1289,9410,7.294574,9402.705426,9394,9406,4,16,12
1292,9410,7.277649,9402.722351,9394,9406,4,16,12
1293,10446,8.072643,10437.927357,10430,10438,8,16,8
1294,10446,8.066409,10437.933591,10430,10438,8,16,8
1295,10446,8.060185,10437.939815,10430,10438,8,16,8
1296,6242,4.812645,6237.187355,6210,6238,4,32,28
1297,10446,8.047766,10437.952234,10430,10438,8,16,8
1298,10446,8.041570,10437.958430,10430,10438,8,16,8
1299,7562,5.816923,7556.183077,7546,7558,4,16,12
1300,10446,8.029208,10437.970792,10430,10438,8,16,8
1301,10446,8.023041,10437.976959,10430,10438,8,16,8
1302,10446,8.016884,10437.983116,10430,10438,8,16,8
1303,10446,8.010736,10437.989264,10430,10438,8,16,8
1305,9410,7.205207,9402.794793,9394,9406,4,16,12
1306,9410,7.199694,9402.800306,9394,9406,4,16,12
1313,10202,7.764079,10194.235921,10194,10198,4,8,4
1314,7562,5.750570,7556.249430,7546,7558,4,16,12
1315,9410,7.150456,9402.849544,9394,9406,4,16,12
1316,10202,7.746393,10194.253607,10194,10198,4,8,4
1318,9410,7.134193,9402.865807,9394,9406,4,16,12
1319,7562,5.728788,7556.271212,7546,7558,4,16,12
1321,9410,7.118003,9402.881997,9394,9406,4,16,12
1322,9410,7.112623,9402.887377,9394,9406,4,16,12
1323,7562,5.711480,7556.288520,7546,7558,4,16,12
1327,9410,7.085843,9402.914157,9394,9406,4,16,12
1330,9410,7.069872,9402.930128,9394,9406,4,16,12
1332,6733,5.051013,6727.948987,6723,6729,4,10,6
1333,10202,7.647676,10194.352324,10194,10198,4,8,4
1337,9410,7.032885,9402.967115,9394,9406,4,16,12
1338,9410,7.027633,9402.972367,9394,9406,4,16,12
1339,9410,7.022388,9402.977612,9394,9406,4,16,12
1340,9410,7.017151,9402.982849,9394,9406,4,16,12
1342,9410,7.006701,9402.993299,9394,9406,4,16,12
1343,9410,7.001488,9402.998512,9394,9406,4,16,12
1344,9410,6.996283,9403.003717,9394,9406,4,16,12
1345,9410,6.991085,9403.008915,9394,9406,4,16,12
1347,9410,6.980712,9403.019288,9394,9406,4,16,12
1349,10202,7.557037,10194.442963,10194,10198,4,8,4
1350,7562,5.597335,7556.402665,7546,7558,4,16,12
1352,9410,6.954915,9403.045085,9394,9406,4,16,12
1354,9410,6.944649,9403.055351,9394,9406,4,16,12
1356,9410,6.934414,9403.065586,9394,9406,4,16,12
1357,7562,5.568483,7556.431517,7546,7558,4,16,12
1358,6733,4.954378,6728.045622,6723,6729,4,10,6
1360,9410,6.914034,9403.085966,9394,9406,4,16,12
1361,9410,6.908957,9403.091043,9394,9406,4,16,12
1362,9410,6.903888,9403.096112,9394,9406,4,16,12
1363,9410,6.898827,9403.101173,9394,9406,4,16,12
1364,9410,6.893773,9403.106227,9394,9406,4,16,12
1365,9410,6.888726,9403.111274,9394,9406,4,16,12
1366,10202,7.463058,10194.536942,10194,10198,4,8,4
1368,9410,6.873630,9403.126370,9394,9406,4,16,12
1369,9410,6.868613,9403.131387,9394,9406,4,16,12
1370,9410,6.863603,9403.136397,9394,9406,4,16,12
1371,9410,6.858601,9403.141399,9394,9406,4,16,12
1373,9410,6.848617,9403.151383,9394,9406,4,16,12
1374,9410,6.843636,9403.156364,9394,9406,4,16,12
1375,9410,6.838663,9403.161337,9394,9406,4,16,12
1376,9410,6.833696,9403.166304,9394,9406,4,16,12
1378,9410,6.823785,9403.176215,9394,9406,4,16,12
1380,9410,6.813903,9403.186097,9394,9406,4,16,12
1381,10202,7.382055,10194.617945,10194,10198,4,8,4
1384,7562,5.459928,7556.540072,7546,7558,4,16,12
1386,9410,6.784427,9403.215573,9394,9406,4,16,12
1388,9410,6.774658,9403.225342,9394,9406,4,16,12
1389,9410,6.769784,9403.230216,9394,9406,4,16,12
1391,7562,5.432471,7556.567529,7546,7558,4,16,12
1393,9410,6.750359,9403.249641,9394,9406,4,16,12
1394,10202,7.313262,10194.686738,10194,10198,4,8,4
1395,9410,6.740688,9403.259312,9394,9406,4,16,12
1396,7562,5.413028,7556.586972,7546,7558,4,16,12
1397,9410,6.731044,9403.268956,9394,9406,4,16,12
1398,9410,6.726233,9403.273767,9394,9406,4,16,12
1401,9410,6.711840,9403.288160,9394,9406,4,16,12
1402,10202,7.271561,10194.728439,10194,10198,4,8,4
1403,6733,4.795584,6728.204416,6723,6729,4,10,6
1404,9410,6.697509,9403.302491,9394,9406,4,16,12
1406,9410,6.687989,9403.312011,9394,9406,4,16,12
1407,9410,6.683239,9403.316761,9394,9406,4,16,12
1408,9410,6.678495,9403.321505,9394,9406,4,16,12
1409,10202,7.235461,10194.764539,10194,10198,4,8,4
1410,7562,5.359320,7556.640680,7546,7558,4,16,12
1411,9410,6.664306,9403.335694,9394,9406,4,16,12
1412,10202,7.220099,10194.779901,10194,10198,4,8,4
1413,9410,6.654880,9403.345120,9394,9406,4,16,12
1415,7562,5.340395,7556.659605,7546,7558,4,16,12
1416,9410,6.640790,9403.359210,9394,9406,4,16,12
1417,6733,4.748237,6728.251763,6723,6729,4,10,6
1418,10202,7.189570,10194.810430,10194,10198,4,8,4
1419,9410,6.626761,9403.373239,9394,9406,4,16,12
1420,9410,6.622097,9403.377903,9394,9406,4,16,12
1421,9410,6.617440,9403.382560,9394,9406,4,16,12
1422,9410,6.612790,9403.387210,9394,9406,4,16,12
1424,9410,6.603509,9403.396491,9394,9406,4,16,12
1425,9410,6.598878,9403.401122,9394,9406,4,16,12
1426,9410,6.594254,9403.405746,9394,9406,4,16,12
1427,9410,6.589636,9403.410364,9394,9406,4,16,12
1428,9410,6.585024,9403.414976,9394,9406,4,16,12
1430,9410,6.575821,9403.424179,9394,9406,4,16,12
1437,10202,7.094576,10194.905424,10194,10198,4,8,4
1441,9410,6.525659,9403.474341,9394,9406,4,16,12
1445,7562,5.229599,7556.770401,7546,7558,4,16,12
1446,9410,6.503110,9403.496890,9394,9406,4,16,12
1447,9410,6.498619,9403.501381,9394,9406,4,16,12
1450,10202,7.031013,10194.968987,10194,10198,4,8,4
1452,9410,6.476256,9403.523744,9394,9406,4,16,12
1453,10202,7.016506,10194.983494,10194,10198,4,8,4
1454,10202,7.011684,10194.988316,10194,10198,4,8,4
1458,9410,6.449623,9403.550377,9394,9406,4,16,12
1460,10202,6.982888,10195.017112,10194,10198,4,8,4
1461,9410,6.436389,9403.563611,9394,9406,4,16,12
1463,9410,6.427596,9403.572404,9394,9406,4,16,12
1465,9410,6.418827,9403.581173,9394,9406,4,16,12
1467,9410,6.410082,9403.589918,9394,9406,4,16,12
1469,10202,6.940136,10195.059864,10194,10198,4,8,4
1471,9410,6.392663,9403.607337,9394,9406,4,16,12
1472,10202,6.926001,10195.073999,10194,10198,4,8,4
1474,9410,6.379661,9403.620339,9394,9406,4,16,12
1476,9410,6.371022,9403.628978,9394,9406,4,16,12
1477,9410,6.366712,9403.633288,9394,9406,4,16,12
1478,9410,6.362407,9403.637593,9394,9406,4,16,12
1482,10202,6.879299,10195.120701,10194,10198,4,8,4
1484,9410,6.336700,9403.663300,9394,9406,4,16,12
1485,9410,6.332436,9403.667564,9394,9406,4,16,12
1486,9410,6.328178,9403.671822,9394,9406,4,16,12
1487,9410,6.323925,9403.676075,9394,9406,4,16,12
1490,10202,6.842388,10195.157612,10194,10198,4,8,4
1529,9410,6.150327,9403.849673,9394,9406,4,16,12
1531,9410,6.142298,9403.857702,9394,9406,4,16,12
1532,9410,6.138291,9403.861709,9394,9406,4,16,12
1535,9410,6.126302,9403.873698,9394,9406,4,16,12
1536,9410,6.122316,9403.877684,9394,9406,4,16,12
1603,9410,5.866584,9404.133416,9394,9406,4,16,12
1604,9410,5.862928,9404.137072,9394,9406,4,16,12
1605,9410,5.859278,9404.140722,9394,9406,4,16,12
1606,9410,5.855632,9404.144368,9394,9406,4,16,12
1608,9410,5.848353,9404.151647,9394,9406,4,16,12
1609,9410,5.844720,9404.155280,9394,9406,4,16,12
1612,9410,5.833850,9404.166150,9394,9406,4,16,12
1614,9410,5.826625,9404.173375,9394,9406,4,16,12
1615,9410,5.823020,9404.176980,9394,9406,4,16,12
1616,9410,5.819419,9404.180581,9394,9406,4,16,12
1621,9410,5.801480,9404.198520,9394,9406,4,16,12
1622,9410,5.797905,9404.202095,9394,9406,4,16,12
1623,9410,5.794335,9404.205665,9394,9406,4,16,12
1624,9410,5.790769,9404.209231,9394,9406,4,16,12
1625,9410,5.787208,9404.212792,9394,9406,4,16,12
1640,9410,5.734308,9404.265692,9394,9406,4,16,12
1641,9410,5.730816,9404.269184,9394,9406,4,16,12
1642,9410,5.727328,9404.272672,9394,9406,4,16,12
1643,10202,6.205596,10195.794404,10194,10198,4,8,4
1678,10202,6.076236,10195.923764,10194,10198,4,8,4
1751,9410,5.371005,9404.628995,9394,9406,4,16,12
1752,10202,5.819738,10196.180262,10194,10198,4,8,4
1753,9410,5.364880,9404.635120,9394,9406,4,16,12
1788,9410,5.259922,9404.740078,9394,9406,4,16,12
