m,M_star,tau_at_M_star,m_times_tau_at_M_star,slack
1,2,2,2,0
2,12,6,12,0
3,24,8,24,0
4,36,9,36,0
5,60,12,60,0
6,72,12,72,0
7,84,12,84,0
8,120,16,128,8
9,120,16,144,24
10,180,18,180,0
11,180,18,198,18
12,240,20,240,0
13,240,20,260,20
14,252,18,252,0
15,360,24,360,0
16,360,24,384,24
17,360,24,408,48
18,420,24,432,12
19,420,24,456,36
20,480,24,480,0
21,504,24,504,0
22,504,24,528,24
23,540,24,552,12
24,720,30,720,0
25,720,30,750,30
26,720,30,780,60
27,840,32,864,24
28,840,32,896,56
29,840,32,928,88
30,840,32,960,120
31,840,32,992,152
32,840,32,1024,184
33,840,32,1056,216
34,1080,32,1088,8
35,1260,36,1260,0
36,1260,36,1296,36
37,1260,36,1332,72
38,1260,36,1368,108
39,1260,36,1404,144
40,1440,36,1440,0
41,1440,36,1476,36
42,1680,40,1680,0
43,1680,40,1720,40
44,1680,40,1760,80
45,1680,40,1800,120
46,1680,40,1840,160
47,1680,40,1880,200
48,1680,40,1920,240
49,1680,40,1960,280
50,1800,36,1800,0
51,1800,36,1836,36
52,1800,36,1872,72
53,2520,48,2544,24
54,2520,48,2592,72
55,2520,48,2640,120
56,2520,48,2688,168
57,2520,48,2736,216
58,2520,48,2784,264
59,2520,48,2832,312
60,2520,48,2880,360
61,2520,48,2928,408
62,2520,48,2976,456
63,2520,48,3024,504
64,2520,48,3072,552
65,2520,48,3120,600
66,2640,40,2640,0
67,2640,40,2680,40
68,2640,40,2720,80
69,2880,42,2898,18
70,3360,48,3360,0
71,3360,48,3408,48
72,3360,48,3456,96
73,3360,48,3504,144
74,3360,48,3552,192
75,3360,48,3600,240
76,3360,48,3648,288
77,3360,48,3696,336
78,3360,48,3744,384
79,3780,48,3792,12
80,3780,48,3840,60
81,3780,48,3888,108
82,3780,48,3936,156
83,3960,48,3984,24
84,5040,60,5040,0
85,5040,60,5100,60
86,5040,60,5160,120
87,5040,60,5220,180
88,5040,60,5280,240
89,5040,60,5340,300
90,5040,60,5400,360
91,5040,60,5460,420
92,5040,60,5520,480
93,5040,60,5580,540
94,5040,60,5640,600
95,5040,60,5700,660
96,5040,60,5760,720
97,5040,60,5820,780
98,5040,60,5880,840
99,5040,60,5940,900
100,5040,60,6000,960
101,5040,60,6060,1020
102,5040,60,6120,1080
103,5040,60,6180,1140
104,5040,60,6240,1200
105,5040,60,6300,1260
106,5040,60,6360,1320
107,5040,60,6420,1380
108,5040,60,6480,1440
109,5040,60,6540,1500
110,5280,48,5280,0
111,5280,48,5328,48
112,5280,48,5376,96
113,5400,48,5424,24
114,5460,48,5472,12
115,5460,48,5520,60
116,5544,48,5568,24
117,6300,54,6318,18
118,6300,54,6372,72
119,7560,64,7616,56
120,7560,64,7680,120
121,7560,64,7744,184
122,7560,64,7808,248
123,7560,64,7872,312
124,7560,64,7936,376
125,7560,64,8000,440
126,7560,64,8064,504
127,7560,64,8128,568
128,7560,64,8192,632
129,7560,64,8256,696
130,7560,64,8320,760
131,7560,64,8384,824
132,7920,60,7920,0
133,7920,60,7980,60
134,7920,60,8040,120
135,7920,60,8100,180
136,7920,60,8160,240
137,7920,60,8220,300
138,7920,60,8280,360
139,7920,60,8340,420
140,10080,72,10080,0
141,10080,72,10152,72
142,10080,72,10224,144
143,10080,72,10296,216
144,10080,72,10368,288
145,10080,72,10440,360
146,10080,72,10512,432
147,10080,72,10584,504
148,10080,72,10656,576
149,10080,72,10728,648
150,10080,72,10800,720
151,10080,72,10872,792
152,10080,72,10944,864
153,10080,72,11016,936
154,10080,72,11088,1008
155,10080,72,11160,1080
156,10080,72,11232,1152
157,10080,72,11304,1224
158,10080,72,11376,1296
159,10080,72,11448,1368
160,10080,72,11520,1440
161,10080,72,11592,1512
162,10080,72,11664,1584
163,10080,72,11736,1656
164,10080,72,11808,1728
165,10080,72,11880,1800
166,10080,72,11952,1872
167,10080,72,12024,1944
168,10080,72,12096,2016
169,10080,72,12168,2088
170,10080,72,12240,2160
171,10920,64,10944,24
172,10920,64,11008,88
173,10920,64,11072,152
174,10920,64,11136,216
175,12600,72,12600,0
176,12600,72,12672,72
177,12600,72,12744,144
178,12600,72,12816,216
179,12600,72,12888,288
180,12600,72,12960,360
181,12600,72,13032,432
182,12600,72,13104,504
183,12600,72,13176,576
184,12600,72,13248,648
185,12600,72,13320,720
186,12600,72,13392,792
187,12600,72,13464,864
188,12600,72,13536,936
189,15120,80,15120,0
190,15120,80,15200,80
191,15120,80,15280,160
192,15120,80,15360,240
193,15120,80,15440,320
194,15120,80,15520,400
195,15120,80,15600,480
196,15120,80,15680,560
197,15120,80,15760,640
198,15120,80,15840,720
199,15120,80,15920,800
200,15120,80,16000,880
201,15120,80,16080,960
202,15120,80,16160,1040
203,15120,80,16240,1120
204,15120,80,16320,1200
205,15120,80,16400,1280
206,15120,80,16480,1360
207,15120,80,16560,1440
208,15120,80,16640,1520
209,15120,80,16720,1600
210,15120,80,16800,1680
211,15120,80,16880,1760
212,15120,80,16960,1840
213,15120,80,17040,1920
214,15120,80,17120,2000
215,15120,80,17200,2080
216,15120,80,17280,2160
217,15120,80,17360,2240
218,15120,80,17440,2320
219,15120,80,17520,2400
220,15840,72,15840,0
221,15840,72,15912,72
222,15840,72,15984,144
223,15840,72,16056,216
224,15840,72,16128,288
225,15840,72,16200,360
226,15840,72,16272,432
227,15840,72,16344,504
228,16380,72,16416,36
229,16380,72,16488,108
230,16380,72,16560,180
231,18480,80,18480,0
232,18480,80,18560,80
233,18480,80,18640,160
234,18480,80,18720,240
235,18480,80,18800,320
236,18480,80,18880,400
237,18480,80,18960,480
238,18480,80,19040,560
239,18480,80,19120,640
240,20160,84,20160,0
241,20160,84,20244,84
242,20160,84,20328,168
243,20160,84,20412,252
244,20160,84,20496,336
245,20160,84,20580,420
246,20160,84,20664,504
247,20160,84,20748,588
248,20160,84,20832,672
249,20160,84,20916,756
250,20160,84,21000,840
251,20160,84,21084,924
252,20160,84,21168,1008
253,20160,84,21252,1092
254,20160,84,21336,1176
255,20160,84,21420,1260
256,20160,84,21504,1344
257,20160,84,21588,1428
258,20160,84,21672,1512
259,20160,84,21756,1596
260,20160,84,21840,1680
261,20160,84,21924,1764
262,20160,84,22008,1848
263,20160,84,22092,1932
264,20160,84,22176,2016
265,20160,84,22260,2100
266,20160,84,22344,2184
267,20160,84,22428,2268
268,20160,84,22512,2352
269,20160,84,22596,2436
270,20160,84,22680,2520
271,20160,84,22764,2604
272,20160,84,22848,2688
273,21840,80,21840,0
274,21840,80,21920,80
275,21840,80,22000,160
276,21840,80,22080,240
277,21840,80,22160,320
278,21840,80,22240,400
279,21840,80,22320,480
280,25200,90,25200,0
281,25200,90,25290,90
282,25200,90,25380,180
283,25200,90,25470,270
284,25200,90,25560,360
285,25200,90,25650,450
286,25200,90,25740,540
287,25200,90,25830,630
288,25200,90,25920,720
289,27720,96,27744,24
290,27720,96,27840,120
291,27720,96,27936,216
292,27720,96,28032,312
293,27720,96,28128,408
294,27720,96,28224,504
295,27720,96,28320,600
296,27720,96,28416,696
297,27720,96,28512,792
298,27720,96,28608,888
299,27720,96,28704,984
300,27720,96,28800,1080
301,27720,96,28896,1176
302,27720,96,28992,1272
303,27720,96,29088,1368
304,27720,96,29184,1464
305,27720,96,29280,1560
306,27720,96,29376,1656
307,27720,96,29472,1752
308,27720,96,29568,1848
309,27720,96,29664,1944
310,27720,96,29760,2040
311,27720,96,29856,2136
312,27720,96,29952,2232
313,27720,96,30048,2328
314,27720,96,30144,2424
315,30240,96,30240,0
316,30240,96,30336,96
317,30240,96,30432,192
318,30240,96,30528,288
319,30240,96,30624,384
320,30240,96,30720,480
321,30240,96,30816,576
322,30240,96,30912,672
323,30240,96,31008,768
324,30240,96,31104,864
325,30240,96,31200,960
326,30240,96,31296,1056
327,30240,96,31392,1152
328,30240,96,31488,1248
329,30240,96,31584,1344
330,30240,96,31680,1440
331,30240,96,31776,1536
332,30240,96,31872,1632
333,30240,96,31968,1728
334,30240,96,32064,1824
335,30240,96,32160,1920
336,30240,96,32256,2016
337,30240,96,32352,2112
338,30240,96,32448,2208
339,30240,96,32544,2304
340,30240,96,32640,2400
341,30240,96,32736,2496
342,32760,96,32832,72
343,32760,96,32928,168
344,32760,96,33024,264
345,32760,96,33120,360
346,32760,96,33216,456
347,32760,96,33312,552
348,32760,96,33408,648
349,32760,96,33504,744
350,32760,96,33600,840
351,32760,96,33696,936
352,32760,96,33792,1032
353,32760,96,33888,1128
354,32760,96,33984,1224
355,32760,96,34080,1320
356,32760,96,34176,1416
357,32760,96,34272,1512
358,32760,96,34368,1608
359,32760,96,34464,1704
360,32760,96,34560,1800
361,32760,96,34656,1896
362,32760,96,34752,1992
363,32760,96,34848,2088
364,32760,96,34944,2184
365,32760,96,35040,2280
366,32760,96,35136,2376
367,32760,96,35232,2472
368,32760,96,35328,2568
369,32760,96,35424,2664
370,32760,96,35520,2760
371,32760,96,35616,2856
372,32760,96,35712,2952
373,32760,96,35808,3048
374,32760,96,35904,3144
375,32760,96,36000,3240
376,32760,96,36096,3336
377,32760,96,36192,3432
378,32760,96,36288,3528
379,32760,96,36384,3624
380,32760,96,36480,3720
381,32760,96,36576,3816
382,32760,96,36672,3912
383,32760,96,36768,4008
384,32760,96,36864,4104
385,36960,96,36960,0
386,36960,96,37056,96
387,36960,96,37152,192
388,36960,96,37248,288
389,36960,96,37344,384
390,36960,96,37440,480
391,36960,96,37536,576
392,36960,96,37632,672
393,36960,96,37728,768
394,37800,96,37824,24
395,37800,96,37920,120
396,37800,96,38016,216
397,37800,96,38112,312
398,37800,96,38208,408
399,37800,96,38304,504
400,37800,96,38400,600
401,37800,96,38496,696
402,37800,96,38592,792
403,37800,96,38688,888
404,37800,96,38784,984
405,37800,96,38880,1080
406,37800,96,38976,1176
407,37800,96,39072,1272
408,37800,96,39168,1368
409,37800,96,39264,1464
410,37800,96,39360,1560
411,37800,96,39456,1656
412,37800,96,39552,1752
413,37800,96,39648,1848
414,37800,96,39744,1944
415,37800,96,39840,2040
416,37800,96,39936,2136
417,37800,96,40032,2232
418,37800,96,40128,2328
419,37800,96,40224,2424
420,40320,96,40320,0
421,40320,96,40416,96
422,40320,96,40512,192
423,40320,96,40608,288
424,40320,96,40704,384
425,40320,96,40800,480
426,40320,96,40896,576
427,40320,96,40992,672
428,40320,96,41088,768
429,40320,96,41184,864
430,40320,96,41280,960
431,40320,96,41376,1056
432,40320,96,41472,1152
433,40320,96,41568,1248
434,41580,96,41664,84
435,41580,96,41760,180
436,41580,96,41856,276
437,41580,96,41952,372
438,41580,96,42048,468
439,41580,96,42144,564
440,41580,96,42240,660
441,41580,96,42336,756
442,41580,96,42432,852
443,41580,96,42528,948
444,41580,96,42624,1044
445,41580,96,42720,1140
446,41580,96,42816,1236
447,42840,96,42912,72
448,42840,96,43008,168
449,42840,96,43104,264
450,42840,96,43200,360
451,42840,96,43296,456
452,42840,96,43392,552
453,42840,96,43488,648
454,45360,100,45400,40
455,45360,100,45500,140
456,45360,100,45600,240
457,45360,100,45700,340
458,45360,100,45800,440
459,45360,100,45900,540
460,45360,100,46000,640
461,45360,100,46100,740
462,55440,120,55440,0
463,55440,120,55560,120
464,55440,120,55680,240
465,55440,120,55800,360
466,55440,120,55920,480
467,55440,120,56040,600
468,55440,120,56160,720
469,55440,120,56280,840
470,55440,120,56400,960
471,55440,120,56520,1080
472,55440,120,56640,1200
473,55440,120,56760,1320
474,55440,120,56880,1440
475,55440,120,57000,1560
476,55440,120,57120,1680
477,55440,120,57240,1800
478,55440,120,57360,1920
479,55440,120,57480,2040
480,55440,120,57600,2160
481,55440,120,57720,2280
482,55440,120,57840,2400
483,55440,120,57960,2520
484,55440,120,58080,2640
485,55440,120,58200,2760
486,55440,120,58320,2880
487,55440,120,58440,3000
488,55440,120,58560,3120
489,55440,120,58680,3240
490,55440,120,58800,3360
491,55440,120,58920,3480
492,55440,120,59040,3600
493,55440,120,59160,3720
494,55440,120,59280,3840
495,55440,120,59400,3960
496,55440,120,59520,4080
497,55440,120,59640,4200
498,55440,120,59760,4320
499,55440,120,59880,4440
500,55440,120,60000,4560
501,55440,120,60120,4680
502,55440,120,60240,4800
503,55440,120,60360,4920
504,55440,120,60480,5040
505,55440,120,60600,5160
506,55440,120,60720,5280
507,55440,120,60840,5400
508,55440,120,60960,5520
509,55440,120,61080,5640
510,55440,120,61200,5760
511,55440,120,61320,5880
512,55440,120,61440,6000
513,55440,120,61560,6120
514,55440,120,61680,6240
515,55440,120,61800,6360
516,55440,120,61920,6480
517,55440,120,62040,6600
518,55440,120,62160,6720
519,55440,120,62280,6840
520,55440,120,62400,6960
521,55440,120,62520,7080
522,55440,120,62640,7200
523,55440,120,62760,7320
524,55440,120,62880,7440
525,55440,120,63000,7560
526,55440,120,63120,7680
527,55440,120,63240,7800
528,55440,120,63360,7920
529,55440,120,63480,8040
530,55440,120,63600,8160
531,55440,120,63720,8280
532,55440,120,63840,8400
533,55440,120,63960,8520
534,55440,120,64080,8640
535,55440,120,64200,8760
536,55440,120,64320,8880
537,55440,120,64440,9000
538,55440,120,64560,9120
539,55440,120,64680,9240
540,60480,112,60480,0
541,60480,112,60592,112
542,60480,112,60704,224
543,60480,112,60816,336
544,60480,112,60928,448
545,60480,112,61040,560
546,65520,120,65520,0
547,65520,120,65640,120
548,65520,120,65760,240
549,65520,120,65880,360
550,65520,120,66000,480
551,65520,120,66120,600
552,65520,120,66240,720
553,65520,120,66360,840
554,65520,120,66480,960
555,65520,120,66600,1080
556,65520,120,66720,1200
557,65520,120,66840,1320
558,65520,120,66960,1440
559,65520,120,67080,1560
560,65520,120,67200,1680
561,65520,120,67320,1800
562,65520,120,67440,1920
563,65520,120,67560,2040
564,65520,120,67680,2160
565,65520,120,67800,2280
566,65520,120,67920,2400
567,65520,120,68040,2520
568,65520,120,68160,2640
569,65520,120,68280,2760
570,65520,120,68400,2880
571,65520,120,68520,3000
572,65520,120,68640,3120
573,65520,120,68760,3240
574,65520,120,68880,3360
575,65520,120,69000,3480
576,65520,120,69120,3600
577,65520,120,69240,3720
578,65520,120,69360,3840
579,65520,120,69480,3960
580,65520,120,69600,4080
581,65520,120,69720,4200
582,65520,120,69840,4320
583,65520,120,69960,4440
584,65520,120,70080,4560
585,65520,120,70200,4680
586,65520,120,70320,4800
587,65520,120,70440,4920
588,65520,120,70560,5040
589,65520,120,70680,5160
590,65520,120,70800,5280
591,65520,120,70920,5400
592,65520,120,71040,5520
593,65520,120,71160,5640
594,65520,120,71280,5760
595,65520,120,71400,5880
596,65520,120,71520,6000
597,65520,120,71640,6120
598,65520,120,71760,6240
599,65520,120,71880,6360
600,65520,120,72000,6480
601,65520,120,72120,6600
602,65520,120,72240,6720
603,65520,120,72360,6840
604,65520,120,72480,6960
605,65520,120,72600,7080
606,65520,120,72720,7200
607,65520,120,72840,7320
608,65520,120,72960,7440
609,65520,120,73080,7560
610,65520,120,73200,7680
611,65520,120,73320,7800
612,65520,120,73440,7920
613,65520,120,73560,8040
614,65520,120,73680,8160
615,65520,120,73800,8280
616,65520,120,73920,8400
617,65520,120,74040,8520
618,65520,120,74160,8640
619,65520,120,74280,8760
620,65520,120,74400,8880
621,65520,120,74520,9000
622,65520,120,74640,9120
623,65520,120,74760,9240
624,65520,120,74880,9360
625,65520,120,75000,9480
626,65520,120,75120,9600
627,65520,120,75240,9720
628,65520,120,75360,9840
629,65520,120,75480,9960
630,75600,120,75600,0
631,75600,120,75720,120
632,75600,120,75840,240
633,75600,120,75960,360
634,75600,120,76080,480
635,75600,120,76200,600
636,75600,120,76320,720
637,75600,120,76440,840
638,75600,120,76560,960
639,75600,120,76680,1080
640,75600,120,76800,1200
641,75600,120,76920,1320
642,75600,120,77040,1440
643,75600,120,77160,1560
644,75600,120,77280,1680
645,75600,120,77400,1800
646,75600,120,77520,1920
647,75600,120,77640,2040
648,75600,120,77760,2160
649,75600,120,77880,2280
650,83160,128,83200,40
651,83160,128,83328,168
652,83160,128,83456,296
653,83160,128,83584,424
654,83160,128,83712,552
655,83160,128,83840,680
656,83160,128,83968,808
657,83160,128,84096,936
658,83160,128,84224,1064
659,83160,128,84352,1192
660,83160,128,84480,1320
661,83160,128,84608,1448
662,83160,128,84736,1576
663,83160,128,84864,1704
664,83160,128,84992,1832
665,83160,128,85120,1960
666,83160,128,85248,2088
667,83160,128,85376,2216
668,83160,128,85504,2344
669,83160,128,85632,2472
670,83160,128,85760,2600
671,83160,128,85888,2728
672,83160,128,86016,2856
673,83160,128,86144,2984
674,83160,128,86272,3112
675,83160,128,86400,3240
676,83160,128,86528,3368
677,83160,128,86656,3496
678,83160,128,86784,3624
679,83160,128,86912,3752
680,83160,128,87040,3880
681,83160,128,87168,4008
682,83160,128,87296,4136
683,83160,128,87424,4264
684,83160,128,87552,4392
685,83160,128,87680,4520
686,83160,128,87808,4648
687,83160,128,87936,4776
688,83160,128,88064,4904
689,83160,128,88192,5032
690,83160,128,88320,5160
691,83160,128,88448,5288
692,83160,128,88576,5416
693,83160,128,88704,5544
694,83160,128,88832,5672
695,83160,128,88960,5800
696,83160,128,89088,5928
697,83160,128,89216,6056
698,83160,128,89344,6184
699,83160,128,89472,6312
700,83160,128,89600,6440
701,83160,128,89728,6568
702,83160,128,89856,6696
703,83160,128,89984,6824
704,83160,128,90112,6952
705,83160,128,90240,7080
706,83160,128,90368,7208
707,83160,128,90496,7336
708,83160,128,90624,7464
709,83160,128,90752,7592
710,83160,128,90880,7720
711,83160,128,91008,7848
712,83160,128,91136,7976
713,83160,128,91264,8104
714,85680,120,85680,0
715,85680,120,85800,120
716,85680,120,85920,240
717,85680,120,86040,360
718,85680,120,86160,480
719,85680,120,86280,600
720,85680,120,86400,720
721,85680,120,86520,840
722,85680,120,86640,960
723,85680,120,86760,1080
724,85680,120,86880,1200
725,85680,120,87000,1320
726,85680,120,87120,1440
727,85680,120,87240,1560
728,85680,120,87360,1680
729,85680,120,87480,1800
730,85680,120,87600,1920
731,85680,120,87720,2040
732,85680,120,87840,2160
733,85680,120,87960,2280
734,85680,120,88080,2400
735,85680,120,88200,2520
736,85680,120,88320,2640
737,85680,120,88440,2760
738,85680,120,88560,2880
739,85680,120,88680,3000
740,85680,120,88800,3120
741,85680,120,88920,3240
742,85680,120,89040,3360
743,85680,120,89160,3480
744,85680,120,89280,3600
745,85680,120,89400,3720
746,85680,120,89520,3840
747,85680,120,89640,3960
748,85680,120,89760,4080
749,85680,120,89880,4200
750,85680,120,90000,4320
751,85680,120,90120,4440
752,85680,120,90240,4560
753,85680,120,90360,4680
754,85680,120,90480,4800
755,85680,120,90600,4920
756,90720,120,90720,0
757,90720,120,90840,120
758,90720,120,90960,240
759,90720,120,91080,360
760,90720,120,91200,480
761,90720,120,91320,600
762,90720,120,91440,720
763,90720,120,91560,840
764,90720,120,91680,960
765,90720,120,91800,1080
766,90720,120,91920,1200
767,90720,120,92040,1320
768,98280,128,98304,24
769,98280,128,98432,152
770,110880,144,110880,0
771,110880,144,111024,144
772,110880,144,111168,288
773,110880,144,111312,432
774,110880,144,111456,576
775,110880,144,111600,720
776,110880,144,111744,864
777,110880,144,111888,1008
778,110880,144,112032,1152
779,110880,144,112176,1296
780,110880,144,112320,1440
781,110880,144,112464,1584
782,110880,144,112608,1728
783,110880,144,112752,1872
784,110880,144,112896,2016
785,110880,144,113040,2160
786,110880,144,113184,2304
787,110880,144,113328,2448
788,110880,144,113472,2592
789,110880,144,113616,2736
790,110880,144,113760,2880
791,110880,144,113904,3024
792,110880,144,114048,3168
793,110880,144,114192,3312
794,110880,144,114336,3456
795,110880,144,114480,3600
796,110880,144,114624,3744
797,110880,144,114768,3888
798,110880,144,114912,4032
799,110880,144,115056,4176
800,110880,144,115200,4320
801,110880,144,115344,4464
802,110880,144,115488,4608
803,110880,144,115632,4752
804,110880,144,115776,4896
805,110880,144,115920,5040
806,110880,144,116064,5184
807,110880,144,116208,5328
808,110880,144,116352,5472
809,110880,144,116496,5616
810,110880,144,116640,5760
811,110880,144,116784,5904
812,110880,144,116928,6048
813,110880,144,117072,6192
814,110880,144,117216,6336
815,110880,144,117360,6480
816,110880,144,117504,6624
817,110880,144,117648,6768
818,110880,144,117792,6912
819,110880,144,117936,7056
820,110880,144,118080,7200
821,110880,144,118224,7344
822,110880,144,118368,7488
823,110880,144,118512,7632
824,110880,144,118656,7776
825,110880,144,118800,7920
826,110880,144,118944,8064
827,110880,144,119088,8208
828,110880,144,119232,8352
829,110880,144,119376,8496
830,110880,144,119520,8640
831,110880,144,119664,8784
832,110880,144,119808,8928
833,110880,144,119952,9072
834,110880,144,120096,9216
835,110880,144,120240,9360
836,110880,144,120384,9504
837,110880,144,120528,9648
838,110880,144,120672,9792
839,110880,144,120816,9936
840,110880,144,120960,10080
841,110880,144,121104,10224
842,110880,144,121248,10368
843,110880,144,121392,10512
844,110880,144,121536,10656
845,110880,144,121680,10800
846,110880,144,121824,10944
847,110880,144,121968,11088
848,110880,144,122112,11232
849,110880,144,122256,11376
850,110880,144,122400,11520
851,110880,144,122544,11664
852,110880,144,122688,11808
853,110880,144,122832,11952
854,110880,144,122976,12096
855,110880,144,123120,12240
856,110880,144,123264,12384
857,110880,144,123408,12528
858,110880,144,123552,12672
859,110880,144,123696,12816
860,110880,144,123840,12960
861,110880,144,123984,13104
862,110880,144,124128,13248
863,110880,144,124272,13392
864,110880,144,124416,13536
865,110880,144,124560,13680
866,110880,144,124704,13824
867,110880,144,124848,13968
868,110880,144,124992,14112
869,110880,144,125136,14256
870,110880,144,125280,14400
871,110880,144,125424,14544
872,110880,144,125568,14688
873,110880,144,125712,14832
874,110880,144,125856,14976
875,110880,144,126000,15120
876,110880,144,126144,15264
877,110880,144,126288,15408
878,110880,144,126432,15552
879,110880,144,126576,15696
880,110880,144,126720,15840
881,110880,144,126864,15984
882,110880,144,127008,16128
883,110880,144,127152,16272
884,110880,144,127296,16416
885,110880,144,127440,16560
886,110880,144,127584,16704
887,110880,144,127728,16848
888,110880,144,127872,16992
889,110880,144,128016,17136
890,110880,144,128160,17280
891,110880,144,128304,17424
892,110880,144,128448,17568
893,110880,144,128592,17712
894,110880,144,128736,17856
895,110880,144,128880,18000
896,110880,144,129024,18144
897,110880,144,129168,18288
898,110880,144,129312,18432
899,110880,144,129456,18576
900,110880,144,129600,18720
901,110880,144,129744,18864
902,110880,144,129888,19008
903,110880,144,130032,19152
904,110880,144,130176,19296
905,110880,144,130320,19440
906,110880,144,130464,19584
907,110880,144,130608,19728
908,110880,144,130752,19872
909,110880,144,130896,20016
910,131040,144,131040,0
911,131040,144,131184,144
912,131040,144,131328,288
913,131040,144,131472,432
914,131040,144,131616,576
915,131040,144,131760,720
916,131040,144,131904,864
917,131040,144,132048,1008
918,131040,144,132192,1152
919,131040,144,132336,1296
920,131040,144,132480,1440
921,131040,144,132624,1584
922,131040,144,132768,1728
923,131040,144,132912,1872
924,131040,144,133056,2016
925,131040,144,133200,2160
926,131040,144,133344,2304
927,131040,144,133488,2448
928,131040,144,133632,2592
929,131040,144,133776,2736
930,131040,144,133920,2880
931,131040,144,134064,3024
932,131040,144,134208,3168
933,131040,144,134352,3312
934,131040,144,134496,3456
935,131040,144,134640,3600
936,131040,144,134784,3744
937,131040,144,134928,3888
938,131040,144,135072,4032
939,131040,144,135216,4176
940,131040,144,135360,4320
941,131040,144,135504,4464
942,131040,144,135648,4608
943,131040,144,135792,4752
944,131040,144,135936,4896
945,131040,144,136080,5040
946,131040,144,136224,5184
947,131040,144,136368,5328
948,131040,144,136512,5472
949,131040,144,136656,5616
950,131040,144,136800,5760
951,131040,144,136944,5904
952,131040,144,137088,6048
953,131040,144,137232,6192
954,131040,144,137376,6336
955,131040,144,137520,6480
956,131040,144,137664,6624
957,131040,144,137808,6768
958,131040,144,137952,6912
959,131040,144,138096,7056
960,131040,144,138240,7200
961,131040,144,138384,7344
962,131040,144,138528,7488
963,138600,144,138672,72
964,138600,144,138816,216
965,138600,144,138960,360
966,138600,144,139104,504
967,138600,144,139248,648
968,138600,144,139392,792
969,138600,144,139536,936
970,138600,144,139680,1080
971,138600,144,139824,1224
972,138600,144,139968,1368
973,138600,144,140112,1512
974,138600,144,140256,1656
975,138600,144,140400,1800
976,138600,144,140544,1944
977,138600,144,140688,2088
978,138600,144,140832,2232
979,138600,144,140976,2376
980,138600,144,141120,2520
981,138600,144,141264,2664
982,138600,144,141408,2808
983,138600,144,141552,2952
984,138600,144,141696,3096
985,138600,144,141840,3240
986,138600,144,141984,3384
987,138600,144,142128,3528
988,138600,144,142272,3672
989,138600,144,142416,3816
990,138600,144,142560,3960
991,138600,144,142704,4104
992,138600,144,142848,4248
993,138600,144,142992,4392
994,138600,144,143136,4536
995,138600,144,143280,4680
996,138600,144,143424,4824
997,138600,144,143568,4968
998,138600,144,143712,5112
999,138600,144,143856,5256
1000,138600,144,144000,5400
1001,138600,144,144144,5544
1002,138600,144,144288,5688
1003,138600,144,144432,5832
1004,138600,144,144576,5976
1005,138600,144,144720,6120
1006,138600,144,144864,6264
1007,138600,144,145008,6408
1008,138600,144,145152,6552
1009,138600,144,145296,6696
1010,138600,144,145440,6840
1011,138600,144,145584,6984
1012,138600,144,145728,7128
1013,138600,144,145872,7272
1014,138600,144,146016,7416
1015,138600,144,146160,7560
1016,138600,144,146304,7704
1017,138600,144,146448,7848
1018,138600,144,146592,7992
1019,138600,144,146736,8136
1020,138600,144,146880,8280
1021,138600,144,147024,8424
1022,138600,144,147168,8568
1023,138600,144,147312,8712
1024,138600,144,147456,8856
1025,138600,144,147600,9000
1026,138600,144,147744,9144
1027,138600,144,147888,9288
1028,138600,144,148032,9432
1029,138600,144,148176,9576
1030,138600,144,148320,9720
1031,138600,144,148464,9864
1032,138600,144,148608,10008
1033,138600,144,148752,10152
1034,138600,144,148896,10296
1035,138600,144,149040,10440
1036,138600,144,149184,10584
1037,138600,144,149328,10728
1038,138600,144,149472,10872
1039,138600,144,149616,11016
1040,166320,160,166400,80
1041,166320,160,166560,240
1042,166320,160,166720,400
1043,166320,160,166880,560
1044,166320,160,167040,720
1045,166320,160,167200,880
1046,166320,160,167360,1040
1047,166320,160,167520,1200
1048,166320,160,167680,1360
1049,166320,160,167840,1520
1050,166320,160,168000,1680
1051,166320,160,168160,1840
1052,166320,160,168320,2000
1053,166320,160,168480,2160
1054,166320,160,168640,2320
1055,166320,160,168800,2480
1056,166320,160,168960,2640
1057,166320,160,169120,2800
1058,166320,160,169280,2960
1059,166320,160,169440,3120
1060,166320,160,169600,3280
1061,166320,160,169760,3440
1062,166320,160,169920,3600
1063,166320,160,170080,3760
1064,166320,160,170240,3920
1065,166320,160,170400,4080
1066,166320,160,170560,4240
1067,166320,160,170720,4400
1068,166320,160,170880,4560
1069,166320,160,171040,4720
1070,166320,160,171200,4880
1071,166320,160,171360,5040
1072,166320,160,171520,5200
1073,166320,160,171680,5360
1074,166320,160,171840,5520
1075,166320,160,172000,5680
1076,166320,160,172160,5840
1077,166320,160,172320,6000
1078,166320,160,172480,6160
1079,166320,160,172640,6320
1080,166320,160,172800,6480
1081,166320,160,172960,6640
1082,166320,160,173120,6800
1083,166320,160,173280,6960
1084,166320,160,173440,7120
1085,166320,160,173600,7280
1086,166320,160,173760,7440
1087,166320,160,173920,7600
1088,166320,160,174080,7760
1089,166320,160,174240,7920
1090,166320,160,174400,8080
1091,166320,160,174560,8240
1092,166320,160,174720,8400
1093,166320,160,174880,8560
1094,166320,160,175040,8720
1095,166320,160,175200,8880
1096,166320,160,175360,9040
1097,166320,160,175520,9200
1098,166320,160,175680,9360
1099,166320,160,175840,9520
1100,166320,160,176000,9680
1101,166320,160,176160,9840
1102,166320,160,176320,10000
1103,166320,160,176480,10160
1104,166320,160,176640,10320
1105,166320,160,176800,10480
1106,166320,160,176960,10640
1107,166320,160,177120,10800
1108,166320,160,177280,10960
1109,166320,160,177440,11120
1110,166320,160,177600,11280
1111,166320,160,177760,11440
1112,166320,160,177920,11600
1113,166320,160,178080,11760
1114,166320,160,178240,11920
1115,166320,160,178400,12080
1116,166320,160,178560,12240
1117,166320,160,178720,12400
1118,166320,160,178880,12560
1119,166320,160,179040,12720
1120,166320,160,179200,12880
1121,166320,160,179360,13040
1122,166320,160,179520,13200
1123,166320,160,179680,13360
1124,166320,160,179840,13520
1125,166320,160,180000,13680
1126,166320,160,180160,13840
1127,166320,160,180320,14000
1128,166320,160,180480,14160
1129,166320,160,180640,14320
1130,166320,160,180800,14480
1131,166320,160,180960,14640
1132,166320,160,181120,14800
1133,166320,160,181280,14960
1134,166320,160,181440,15120
1135,166320,160,181600,15280
1136,166320,160,181760,15440
1137,166320,160,181920,15600
1138,166320,160,182080,15760
1139,166320,160,182240,15920
1140,166320,160,182400,16080
1141,166320,160,182560,16240
1142,166320,160,182720,16400
1143,166320,160,182880,16560
1144,166320,160,183040,16720
1145,166320,160,183200,16880
1146,166320,160,183360,17040
1147,166320,160,183520,17200
1148,166320,160,183680,17360
1149,166320,160,183840,17520
1150,166320,160,184000,17680
1151,166320,160,184160,17840
1152,166320,160,184320,18000
1153,166320,160,184480,18160
1154,166320,160,184640,18320
1155,166320,160,184800,18480
1156,166320,160,184960,18640
1157,166320,160,185120,18800
1158,166320,160,185280,18960
1159,166320,160,185440,19120
1160,166320,160,185600,19280
1161,166320,160,185760,19440
1162,166320,160,185920,19600
1163,166320,160,186080,19760
1164,166320,160,186240,19920
1165,166320,160,186400,20080
1166,166320,160,186560,20240
1167,166320,160,186720,20400
1168,166320,160,186880,20560
1169,166320,160,187040,20720
1170,166320,160,187200,20880
1171,166320,160,187360,21040
1172,166320,160,187520,21200
1173,166320,160,187680,21360
1174,166320,160,187840,21520
1175,166320,160,188000,21680
1176,166320,160,188160,21840
1177,166320,160,188320,22000
1178,166320,160,188480,22160
1179,166320,160,188640,22320
1180,166320,160,188800,22480
1181,166320,160,188960,22640
1182,166320,160,189120,22800
1183,166320,160,189280,22960
1184,166320,160,189440,23120
1185,166320,160,189600,23280
1186,166320,160,189760,23440
1187,166320,160,189920,23600
1188,166320,160,190080,23760
1189,166320,160,190240,23920
1190,171360,144,171360,0
1191,171360,144,171504,144
1192,171360,144,171648,288
1193,171360,144,171792,432
1194,171360,144,171936,576
1195,171360,144,172080,720
1196,171360,144,172224,864
1197,171360,144,172368,1008
1198,171360,144,172512,1152
1199,171360,144,172656,1296
1200,171360,144,172800,1440
1201,171360,144,172944,1584
1202,171360,144,173088,1728
1203,171360,144,173232,1872
1204,171360,144,173376,2016
1205,171360,144,173520,2160
1206,171360,144,173664,2304
1207,171360,144,173808,2448
1208,171360,144,173952,2592
1209,171360,144,174096,2736
1210,171360,144,174240,2880
1211,171360,144,174384,3024
1212,171360,144,174528,3168
1213,171360,144,174672,3312
1214,171360,144,174816,3456
1215,171360,144,174960,3600
1216,171360,144,175104,3744
1217,171360,144,175248,3888
1218,171360,144,175392,4032
1219,171360,144,175536,4176
1220,171360,144,175680,4320
1221,171360,144,175824,4464
1222,171360,144,175968,4608
1223,171360,144,176112,4752
1224,171360,144,176256,4896
1225,171360,144,176400,5040
1226,171360,144,176544,5184
1227,171360,144,176688,5328
1228,171360,144,176832,5472
1229,196560,160,196640,80
1230,196560,160,196800,240
1231,196560,160,196960,400
1232,196560,160,197120,560
1233,196560,160,197280,720
1234,196560,160,197440,880
1235,196560,160,197600,1040
1236,196560,160,197760,1200
1237,196560,160,197920,1360
1238,196560,160,198080,1520
1239,196560,160,198240,1680
1240,196560,160,198400,1840
1241,196560,160,198560,2000
1242,196560,160,198720,2160
1243,196560,160,198880,2320
1244,196560,160,199040,2480
1245,196560,160,199200,2640
1246,196560,160,199360,2800
1247,196560,160,199520,2960
1248,196560,160,199680,3120
1249,196560,160,199840,3280
1250,196560,160,200000,3440
1251,196560,160,200160,3600
1252,196560,160,200320,3760
1253,196560,160,200480,3920
1254,196560,160,200640,4080
1255,196560,160,200800,4240
1256,196560,160,200960,4400
1257,196560,160,201120,4560
1258,196560,160,201280,4720
1259,196560,160,201440,4880
1260,196560,160,201600,5040
1261,196560,160,201760,5200
1262,196560,160,201920,5360
1263,196560,160,202080,5520
1264,196560,160,202240,5680
1265,196560,160,202400,5840
1266,196560,160,202560,6000
1267,196560,160,202720,6160
1268,196560,160,202880,6320
1269,196560,160,203040,6480
1270,196560,160,203200,6640
1271,196560,160,203360,6800
1272,196560,160,203520,6960
1273,196560,160,203680,7120
1274,196560,160,203840,7280
1275,196560,160,204000,7440
1276,196560,160,204160,7600
1277,196560,160,204320,7760
1278,196560,160,204480,7920
1279,196560,160,204640,8080
1280,196560,160,204800,8240
1281,196560,160,204960,8400
1282,196560,160,205120,8560
1283,196560,160,205280,8720
1284,196560,160,205440,8880
1285,196560,160,205600,9040
1286,196560,160,205760,9200
1287,196560,160,205920,9360
1288,196560,160,206080,9520
1289,196560,160,206240,9680
1290,196560,160,206400,9840
1291,196560,160,206560,10000
1292,196560,160,206720,10160
1293,196560,160,206880,10320
1294,196560,160,207040,10480
1295,196560,160,207200,10640
1296,196560,160,207360,10800
1297,196560,160,207520,10960
1298,196560,160,207680,11120
1299,196560,160,207840,11280
1300,196560,160,208000,11440
1301,196560,160,208160,11600
1302,196560,160,208320,11760
1303,196560,160,208480,11920
1304,196560,160,208640,12080
1305,196560,160,208800,12240
1306,196560,160,208960,12400
1307,196560,160,209120,12560
1308,196560,160,209280,12720
1309,196560,160,209440,12880
1310,196560,160,209600,13040
1311,196560,160,209760,13200
1312,196560,160,209920,13360
1313,196560,160,210080,13520
1314,196560,160,210240,13680
1315,196560,160,210400,13840
1316,196560,160,210560,14000
1317,196560,160,210720,14160
1318,196560,160,210880,14320
1319,196560,160,211040,14480
1320,221760,168,221760,0
1321,221760,168,221928,168
1322,221760,168,222096,336
1323,221760,168,222264,504
1324,221760,168,222432,672
1325,221760,168,222600,840
1326,221760,168,222768,1008
1327,221760,168,222936,1176
1328,221760,168,223104,1344
1329,221760,168,223272,1512
1330,221760,168,223440,1680
1331,221760,168,223608,1848
1332,221760,168,223776,2016
1333,221760,168,223944,2184
1334,221760,168,224112,2352
1335,221760,168,224280,2520
1336,221760,168,224448,2688
1337,221760,168,224616,2856
1338,221760,168,224784,3024
1339,221760,168,224952,3192
1340,221760,168,225120,3360
1341,221760,168,225288,3528
1342,221760,168,225456,3696
1343,221760,168,225624,3864
1344,221760,168,225792,4032
1345,221760,168,225960,4200
1346,221760,168,226128,4368
1347,221760,168,226296,4536
1348,221760,168,226464,4704
1349,221760,168,226632,4872
1350,221760,168,226800,5040
1351,221760,168,226968,5208
1352,221760,168,227136,5376
1353,221760,168,227304,5544
1354,221760,168,227472,5712
1355,221760,168,227640,5880
1356,221760,168,227808,6048
1357,221760,168,227976,6216
1358,221760,168,228144,6384
1359,221760,168,228312,6552
1360,221760,168,228480,6720
1361,221760,168,228648,6888
1362,221760,168,228816,7056
1363,221760,168,228984,7224
1364,221760,168,229152,7392
1365,221760,168,229320,7560
1366,221760,168,229488,7728
1367,221760,168,229656,7896
1368,221760,168,229824,8064
1369,221760,168,229992,8232
1370,221760,168,230160,8400
1371,221760,168,230328,8568
1372,221760,168,230496,8736
1373,221760,168,230664,8904
1374,221760,168,230832,9072
1375,221760,168,231000,9240
1376,221760,168,231168,9408
1377,221760,168,231336,9576
1378,221760,168,231504,9744
1379,221760,168,231672,9912
1380,221760,168,231840,10080
1381,221760,168,232008,10248
1382,221760,168,232176,10416
1383,221760,168,232344,10584
1384,221760,168,232512,10752
1385,221760,168,232680,10920
1386,221760,168,232848,11088
1387,221760,168,233016,11256
1388,221760,168,233184,11424
1389,221760,168,233352,11592
1390,221760,168,233520,11760
1391,221760,168,233688,11928
1392,221760,168,233856,12096
1393,221760,168,234024,12264
1394,221760,168,234192,12432
1395,221760,168,234360,12600
1396,221760,168,234528,12768
1397,221760,168,234696,12936
1398,221760,168,234864,13104
1399,221760,168,235032,13272
1400,221760,168,235200,13440
1401,221760,168,235368,13608
1402,221760,168,235536,13776
1403,221760,168,235704,13944
1404,221760,168,235872,14112
1405,221760,168,236040,14280
1406,221760,168,236208,14448
1407,221760,168,236376,14616
1408,221760,168,236544,14784
1409,221760,168,236712,14952
1410,221760,168,236880,15120
1411,221760,168,237048,15288
1412,221760,168,237216,15456
1413,221760,168,237384,15624
1414,221760,168,237552,15792
1415,221760,168,237720,15960
1416,221760,168,237888,16128
1417,221760,168,238056,16296
1418,221760,168,238224,16464
1419,221760,168,238392,16632
1420,221760,168,238560,16800
1421,221760,168,238728,16968
1422,221760,168,238896,17136
1423,221760,168,239064,17304
1424,221760,168,239232,17472
1425,221760,168,239400,17640
1426,221760,168,239568,17808
1427,221760,168,239736,17976
1428,221760,168,239904,18144
1429,221760,168,240072,18312
1430,221760,168,240240,18480
1431,221760,168,240408,18648
1432,221760,168,240576,18816
1433,221760,168,240744,18984
1434,221760,168,240912,19152
1435,221760,168,241080,19320
1436,221760,168,241248,19488
1437,221760,168,241416,19656
1438,221760,168,241584,19824
1439,221760,168,241752,19992
1440,221760,168,241920,20160
1441,221760,168,242088,20328
1442,221760,168,242256,20496
1443,221760,168,242424,20664
1444,221760,168,242592,20832
1445,221760,168,242760,21000
1446,221760,168,242928,21168
1447,221760,168,243096,21336
1448,221760,168,243264,21504
1449,221760,168,243432,21672
1450,221760,168,243600,21840
1451,221760,168,243768,22008
1452,221760,168,243936,22176
1453,221760,168,244104,22344
1454,221760,168,244272,22512
1455,221760,168,244440,22680
1456,221760,168,244608,22848
1457,221760,168,244776,23016
1458,221760,168,244944,23184
1459,221760,168,245112,23352
1460,221760,168,245280,23520
1461,221760,168,245448,23688
1462,221760,168,245616,23856
1463,221760,168,245784,24024
1464,221760,168,245952,24192
1465,221760,168,246120,24360
1466,221760,168,246288,24528
1467,221760,168,246456,24696
1468,221760,168,246624,24864
1469,221760,168,246792,25032
1470,221760,168,246960,25200
1471,221760,168,247128,25368
1472,221760,168,247296,25536
1473,221760,168,247464,25704
1474,221760,168,247632,25872
1475,221760,168,247800,26040
1476,221760,168,247968,26208
1477,221760,168,248136,26376
1478,221760,168,248304,26544
1479,221760,168,248472,26712
1480,221760,168,248640,26880
1481,221760,168,248808,27048
1482,221760,168,248976,27216
1483,221760,168,249144,27384
1484,221760,168,249312,27552
1485,221760,168,249480,27720
1486,221760,168,249648,27888
1487,221760,168,249816,28056
1488,221760,168,249984,28224
1489,221760,168,250152,28392
1490,221760,168,250320,28560
1491,221760,168,250488,28728
1492,221760,168,250656,28896
1493,221760,168,250824,29064
1494,221760,168,250992,29232
1495,221760,168,251160,29400
1496,221760,168,251328,29568
1497,221760,168,251496,29736
1498,221760,168,251664,29904
1499,221760,168,251832,30072
1500,221760,168,252000,30240
1501,221760,168,252168,30408
1502,240240,160,240320,80
1503,240240,160,240480,240
1504,240240,160,240640,400
1505,240240,160,240800,560
1506,240240,160,240960,720
1507,240240,160,241120,880
1508,240240,160,241280,1040
1509,240240,160,241440,1200
1510,240240,160,241600,1360
1511,240240,160,241760,1520
1512,240240,160,241920,1680
1513,240240,160,242080,1840
1514,240240,160,242240,2000
1515,240240,160,242400,2160
1516,240240,160,242560,2320
1517,240240,160,242720,2480
1518,240240,160,242880,2640
1519,240240,160,243040,2800
1520,240240,160,243200,2960
1521,240240,160,243360,3120
1522,240240,160,243520,3280
1523,240240,160,243680,3440
1524,240240,160,243840,3600
1525,240240,160,244000,3760
1526,240240,160,244160,3920
1527,240240,160,244320,4080
1528,240240,160,244480,4240
1529,240240,160,244640,4400
1530,240240,160,244800,4560
1531,240240,160,244960,4720
1532,240240,160,245120,4880
1533,240240,160,245280,5040
1534,240240,160,245440,5200
1535,240240,160,245600,5360
1536,240240,160,245760,5520
1537,240240,160,245920,5680
1538,240240,160,246080,5840
1539,240240,160,246240,6000
1540,277200,180,277200,0
1541,277200,180,277380,180
1542,277200,180,277560,360
1543,277200,180,277740,540
1544,277200,180,277920,720
1545,277200,180,278100,900
1546,277200,180,278280,1080
1547,277200,180,278460,1260
1548,277200,180,278640,1440
1549,277200,180,278820,1620
